id,disambiguation,video,artist-credit_name,artist-credit_wiki,artist-credit_artist_genres_id,artist-credit_artist_genres_name,artist-credit_artist_genres_wiki,artist-credit_artist_id,artist-credit_artist_name,artist-credit_artist_wiki,length,title,title_wiki,annotation,genres_id,genres_name,genres_wiki,isrcs
https://musicbrainz.org/recording/10b9c34b-821d-4cc8-9587-5c7d0cb68865,,False,Pigface,https://www.wikidata.org/wiki/Q3174727,https://musicbrainz.org/genre/89255676-1f14-4dd8-bbad-fca839d6aff4,electronic music,https://www.wikidata.org/wiki/Q9778,https://musicbrainz.org/artist/11137c88-a9a2-4ffa-a97d-fb058c6d6ce2,Pigface,https://www.wikidata.org/wiki/Q3174727,,Suck,,,,,,
https://musicbrainz.org/recording/10b9c34b-821d-4cc8-9587-5c7d0cb68865,,,,,https://musicbrainz.org/genre/ffbc9907-c9be-4ace-876b-b7fd5b9d51f9,industrial rock,https://www.wikidata.org/wiki/Q968730,,,,,,,,,,,
https://musicbrainz.org/recording/b26c15bd-9e01-4bc7-8bb0-63f58baa739b,,False,Ray Charles,https://www.wikidata.org/wiki/Q544387,https://musicbrainz.org/genre/fe12b346-a10e-450f-bf81-fa20894b5ea2,blues,https://www.wikidata.org/wiki/Q9759,https://musicbrainz.org/artist/2ce02909-598b-44ef-a456-151ba0a3bd70,Ray Charles,https://www.wikidata.org/wiki/Q544387,,Kiss-A-Me Baby,,,,,,
https://musicbrainz.org/recording/b26c15bd-9e01-4bc7-8bb0-63f58baa739b,,,,,https://musicbrainz.org/genre/a715278f-1580-409f-8078-4ffbc800e08b,jazz,https://www.wikidata.org/wiki/Q8341,,,,,,,,,,,
https://musicbrainz.org/recording/b26c15bd-9e01-4bc7-8bb0-63f58baa739b,,,,,https://musicbrainz.org/genre/9702d99a-823f-47ba-b8c2-af0538c9640b,jazz blues,https://www.wikidata.org/wiki/Q1684520,,,,,,,,,,,
https://musicbrainz.org/recording/b26c15bd-9e01-4bc7-8bb0-63f58baa739b,,,,,https://musicbrainz.org/genre/1b5e7b16-336b-473e-a364-5120413a9827,soul music,https://www.wikidata.org/wiki/Q131272,,,,,,,,,,,
https://musicbrainz.org/recording/565de6d8-f93f-4b44-97e2-c1f3ffc2410a,,False,Baptism,https://www.wikidata.org/wiki/Q777180,https://musicbrainz.org/genre/12568698-97cc-49a9-80ab-9c5e3fe4dd33,black metal,https://www.wikidata.org/wiki/Q132438,https://musicbrainz.org/artist/3200cf86-ee25-491c-bffa-9feb2bc2f760,Baptism,https://www.wikidata.org/wiki/Q777180,264000,The Calling,https://www.wikidata.org/wiki/Q7721035,,,,,
https://musicbrainz.org/recording/f28b2394-bd5d-4f0c-a0de-55ce015a5c57,,False,Unanimated,https://www.wikidata.org/wiki/Q465220,https://musicbrainz.org/genre/74ed98e0-d2f4-4d34-9a51-0c18c1303726,melodic black metal,https://www.wikidata.org/wiki/Q2997058,https://musicbrainz.org/artist/7f33e393-1827-4c2b-9bbd-e69a67b3d45e,Unanimated,https://www.wikidata.org/wiki/Q465220,,Whispering Shadows,,,https://musicbrainz.org/genre/eacfa027-2fad-413f-a2f1-80fa43674f0b,death metal,https://www.wikidata.org/wiki/Q483251,
https://musicbrainz.org/recording/f28b2394-bd5d-4f0c-a0de-55ce015a5c57,,,,,https://musicbrainz.org/genre/5eeb0431-8160-40a7-ae44-c2ad01fed156,melodic death metal,https://www.wikidata.org/wiki/Q253918,,,,,,,,https://musicbrainz.org/genre/cc28f5aa-5e19-487c-88e1-e56b022f1fdd,metal,https://www.wikidata.org/wiki/Q12326776,
https://musicbrainz.org/recording/f28b2394-bd5d-4f0c-a0de-55ce015a5c57,,,,,,,,,,,,,,,https://musicbrainz.org/genre/0e3fc579-2d24-4f20-9dae-736e1ec78798,rock music,https://www.wikidata.org/wiki/Q11399,
https://musicbrainz.org/recording/192e313b-703b-456d-9143-bb7fa1f9dab1,,False,John Lee Hooker,https://www.wikidata.org/wiki/Q44570,https://musicbrainz.org/genre/fe12b346-a10e-450f-bf81-fa20894b5ea2,blues,https://www.wikidata.org/wiki/Q9759,https://musicbrainz.org/artist/b0122194-c49a-46a1-ade7-84d1d76bd8e9,John Lee Hooker,https://www.wikidata.org/wiki/Q44570,,I'll Never Get Out of These Blues Alive,,,,,,
https://musicbrainz.org/recording/192e313b-703b-456d-9143-bb7fa1f9dab1,,,,,https://musicbrainz.org/genre/58e325d5-54fd-4e98-b39a-3aa6bc319273,blues rock,https://www.wikidata.org/wiki/Q193355,,,,,,,,,,,
https://musicbrainz.org/recording/192e313b-703b-456d-9143-bb7fa1f9dab1,,,,,https://musicbrainz.org/genre/1a46845c-ed4d-48c5-a93f-45bb85cf56d1,country blues,https://www.wikidata.org/wiki/Q649823,,,,,,,,,,,
https://musicbrainz.org/recording/192e313b-703b-456d-9143-bb7fa1f9dab1,,,,,https://musicbrainz.org/genre/b0702eb4-2951-4e1f-bbcd-dd9b0ec63c7c,Delta blues,https://www.wikidata.org/wiki/Q1127539,,,,,,,,,,,
https://musicbrainz.org/recording/192e313b-703b-456d-9143-bb7fa1f9dab1,,,,,https://musicbrainz.org/genre/8164d906-055d-4ca8-9ab2-14204b301cc3,electric blues,https://www.wikidata.org/wiki/Q640097,,,,,,,,,,,
https://musicbrainz.org/recording/17d3194b-c11d-4471-9938-829560e4383f,,False,Forbidden Pigs,,,,,https://musicbrainz.org/artist/c7ac345b-057f-4553-9eaf-76c6ce824f96,Forbidden Pigs,,242000,Mojo's Intro,,,,,,
https://musicbrainz.org/recording/c3b08392-b751-4301-97c8-be9f2d2c78e4,,False,Tommy Makem,https://www.wikidata.org/wiki/Q1186049,https://musicbrainz.org/genre/a91eed3a-fdd0-494e-ade0-95ea4117f6eb,folk music,https://www.wikidata.org/wiki/Q43343,https://musicbrainz.org/artist/ed29f6fa-ca96-47f7-9c7e-b9f2f11f30e4,Tommy Makem,https://www.wikidata.org/wiki/Q1186049,,Morning Glory,https://www.wikidata.org/wiki/Q6912827,,,,,
https://musicbrainz.org/recording/c3b08392-b751-4301-97c8-be9f2d2c78e4,,,,,https://musicbrainz.org/genre/3d88ed41-624d-4be9-bf9d-ca11991eb250,Irish folk music,https://www.wikidata.org/wiki/Q7482056,,,,,,,,,,,
https://musicbrainz.org/recording/563656af-0ccf-48ab-9791-9a37d2d43f4a,,False,Glen Velez,https://www.wikidata.org/wiki/Q1383968,,,,https://musicbrainz.org/artist/cf682e14-a639-444b-9128-86ad5e5b9188,Glen Velez,https://www.wikidata.org/wiki/Q1383968,,Ramanda,,,,,,
https://musicbrainz.org/recording/7cd05a94-75cb-41fd-b432-da0401b64d0b,,False,Glen Velez,https://www.wikidata.org/wiki/Q1383968,,,,https://musicbrainz.org/artist/cf682e14-a639-444b-9128-86ad5e5b9188,Glen Velez,https://www.wikidata.org/wiki/Q1383968,,Second Wind,https://www.wikidata.org/wiki/Q7443654,,,,,
https://musicbrainz.org/recording/a7dae856-ab7c-4762-973e-dbe201254a3a,,False,Dogs Deluxe,,,,,https://musicbrainz.org/artist/b48ba94f-a2b7-463b-a1d2-634c4a134e3e,Dogs Deluxe,,,Wreckin' Ball (Professor Stretch remix),,,,,,
https://musicbrainz.org/recording/72096d1e-a8a0-4752-8b25-1b027a4a66f6,,False,The Meateaters,,,,,https://musicbrainz.org/artist/9c4f897f-0834-4d6d-9c67-bc5e6e8aa4f7,The Meateaters,,,You Were My Sunshine (Herbaliser remix),,,,,,
https://musicbrainz.org/recording/aec887db-4395-473e-8d4d-d3a484b0a9be,,False,King Kooba,https://www.wikidata.org/wiki/Q6411826,,,,https://musicbrainz.org/artist/82f8da4e-59e5-4bbf-b210-7d1a5644df48,King Kooba,https://www.wikidata.org/wiki/Q6411826,,Freakmeister (Ronnie & Clyde remix),,,,,,
https://musicbrainz.org/recording/067bdd7f-eaee-45e1-bc60-9969bdd2f4e4,,False,King Kooba,https://www.wikidata.org/wiki/Q6411826,,,,https://musicbrainz.org/artist/82f8da4e-59e5-4bbf-b210-7d1a5644df48,King Kooba,https://www.wikidata.org/wiki/Q6411826,,Quorma (The Underwolves remix),,,,,,
https://musicbrainz.org/recording/ee1f9b93-5223-45db-a59f-013e6703a9ce,,False,Grand Unified,,,,,https://musicbrainz.org/artist/7e43b099-8587-4b56-bd4c-66170d0bdb8a,Grand Unified,,,Shakeup (Jadell remix),,,,,,
https://musicbrainz.org/recording/53eb6cbf-fa93-4b4f-bdc5-4aa1d6df28a8,,False,The Meateaters,,,,,https://musicbrainz.org/artist/9c4f897f-0834-4d6d-9c67-bc5e6e8aa4f7,The Meateaters,,,You Were My Sunshine,,,,,,
https://musicbrainz.org/recording/7a4221bf-58d8-4eef-af10-e6e62c819daa,,False,The Meateaters,,,,,https://musicbrainz.org/artist/9c4f897f-0834-4d6d-9c67-bc5e6e8aa4f7,The Meateaters,,,You Were My Sunshine (Fifa remix),,,,,,
https://musicbrainz.org/recording/7c0450e7-72f0-4e38-8014-1e62974ac678,,False,Fifa,,,,,https://musicbrainz.org/artist/3bbf6da6-60d1-4746-8176-464eb9390375,Fifa,,,Dragsville (Headrillaz remix),,,,,,
https://musicbrainz.org/recording/2a975ce5-51d8-45e5-b7db-fc682495674f,,False,The Meateaters,,,,,https://musicbrainz.org/artist/9c4f897f-0834-4d6d-9c67-bc5e6e8aa4f7,The Meateaters,,,You Blow My Mind (King Kooba remix),,,,,,
https://musicbrainz.org/recording/2d6eb46a-7d32-461c-af37-39ef965464bb,,False,The Meateaters,,,,,https://musicbrainz.org/artist/9c4f897f-0834-4d6d-9c67-bc5e6e8aa4f7,The Meateaters,,,You Were My Sunshine (radio edit),,,,,,
https://musicbrainz.org/recording/08d9d7a1-45f9-4be5-b449-04b2374bcb1c,,False,The Meateaters,,,,,https://musicbrainz.org/artist/9c4f897f-0834-4d6d-9c67-bc5e6e8aa4f7,The Meateaters,,,You Blow My Mind (Dj Food remix),,,,,,
https://musicbrainz.org/recording/907ed963-b8f3-470e-8ecb-33e2a61e392a,,False,King Kooba,https://www.wikidata.org/wiki/Q6411826,,,,https://musicbrainz.org/artist/82f8da4e-59e5-4bbf-b210-7d1a5644df48,King Kooba,https://www.wikidata.org/wiki/Q6411826,,Brown Blood (Klute remix),,,,,,
https://musicbrainz.org/recording/53d3d010-8b98-472a-890b-93aacb70ac02,,False,Udi Yorgo Bacanos,,https://musicbrainz.org/genre/8a8bdf57-d3dd-4c2a-86a9-2eab2775c728,Turkish music style,https://www.wikidata.org/wiki/Q1682783,https://musicbrainz.org/artist/1fee0e91-31ac-4f09-b531-4bd550bd133c,Udi Yorgo Bacanos,,165000,Hüzzam Şarkı,,,,,,
https://musicbrainz.org/recording/bbb5fb86-29f4-4ffd-94d6-9976ee6621d6,,False,Udi Yorgo Bacanos,,https://musicbrainz.org/genre/8a8bdf57-d3dd-4c2a-86a9-2eab2775c728,Turkish music style,https://www.wikidata.org/wiki/Q1682783,https://musicbrainz.org/artist/1fee0e91-31ac-4f09-b531-4bd550bd133c,Udi Yorgo Bacanos,,225000,Hüseyni Taksim,,,,,,
https://musicbrainz.org/recording/48125c56-33d1-4c70-b3ac-d69a5595d645,,False,Udi Yorgo Bacanos,,https://musicbrainz.org/genre/8a8bdf57-d3dd-4c2a-86a9-2eab2775c728,Turkish music style,https://www.wikidata.org/wiki/Q1682783,https://musicbrainz.org/artist/1fee0e91-31ac-4f09-b531-4bd550bd133c,Udi Yorgo Bacanos,,328000,Acemkürdi Taksim,,,,,,
https://musicbrainz.org/recording/a7605b80-efb2-4a2a-9ec6-a17e7bd38ca1,,False,Udi Yorgo Bacanos,,https://musicbrainz.org/genre/8a8bdf57-d3dd-4c2a-86a9-2eab2775c728,Turkish music style,https://www.wikidata.org/wiki/Q1682783,https://musicbrainz.org/artist/1fee0e91-31ac-4f09-b531-4bd550bd133c,Udi Yorgo Bacanos,,403000,Kürdilihicazkar Peşrev,,,,,,
https://musicbrainz.org/recording/b83f6a51-5dc5-40ce-95ce-8bf1ec7d0778,,False,Udi Yorgo Bacanos,,https://musicbrainz.org/genre/8a8bdf57-d3dd-4c2a-86a9-2eab2775c728,Turkish music style,https://www.wikidata.org/wiki/Q1682783,https://musicbrainz.org/artist/1fee0e91-31ac-4f09-b531-4bd550bd133c,Udi Yorgo Bacanos,,246000,Hüseyni Taksim,,,,,,
https://musicbrainz.org/recording/3ba6f29a-52d4-4f49-9d98-d976e3149d09,,False,Udi Yorgo Bacanos,,https://musicbrainz.org/genre/8a8bdf57-d3dd-4c2a-86a9-2eab2775c728,Turkish music style,https://www.wikidata.org/wiki/Q1682783,https://musicbrainz.org/artist/1fee0e91-31ac-4f09-b531-4bd550bd133c,Udi Yorgo Bacanos,,192000,Uşşak Taksim,,,,,,
https://musicbrainz.org/recording/dcc1e783-8ea4-4942-a076-4ad2c596b891,,False,Melanie,https://www.wikidata.org/wiki/Q157293,https://musicbrainz.org/genre/f0c26658-95b8-46b8-b167-fdc9a659465b,chamber folk,https://www.wikidata.org/wiki/Q98528178,https://musicbrainz.org/artist/c8c3beb5-d213-40e6-9ef6-d4e1cad59e12,Melanie,https://www.wikidata.org/wiki/Q157293,,Brand New Key,,,,,,
https://musicbrainz.org/recording/dcc1e783-8ea4-4942-a076-4ad2c596b891,,,,,https://musicbrainz.org/genre/c11e4253-a888-4a2a-adde-c274b748d0b3,contemporary folk music,https://www.wikidata.org/wiki/Q106298881,,,,,,,,,,,
https://musicbrainz.org/recording/dcc1e783-8ea4-4942-a076-4ad2c596b891,,,,,https://musicbrainz.org/genre/a91eed3a-fdd0-494e-ade0-95ea4117f6eb,folk music,https://www.wikidata.org/wiki/Q43343,,,,,,,,,,,
https://musicbrainz.org/recording/dcc1e783-8ea4-4942-a076-4ad2c596b891,,,,,https://musicbrainz.org/genre/abb2374f-30e5-4d3e-b417-2caf78ef1f6c,folk-pop,https://www.wikidata.org/wiki/Q11700058,,,,,,,,,,,
https://musicbrainz.org/recording/dcc1e783-8ea4-4942-a076-4ad2c596b891,,,,,https://musicbrainz.org/genre/911c7bbb-172d-4df8-9478-dbff4296e791,pop music,https://www.wikidata.org/wiki/Q37073,,,,,,,,,,,
https://musicbrainz.org/recording/dcc1e783-8ea4-4942-a076-4ad2c596b891,,,,,https://musicbrainz.org/genre/455f264b-db00-4716-991d-fbd32dc24523,singer-songwriter music,https://www.wikidata.org/wiki/Q89363113,,,,,,,,,,,
https://musicbrainz.org/recording/1e627874-c19a-4a40-bc5b-e46d9cdd4b12,,False,Hum,https://www.wikidata.org/wiki/Q2839847,https://musicbrainz.org/genre/ceeaa283-5d7b-4202-8d1d-e25d116b2a18,alternative rock,https://www.wikidata.org/wiki/Q11366,https://musicbrainz.org/artist/04c5ca8a-4afa-4031-aced-6357440dbc25,Hum,https://www.wikidata.org/wiki/Q2839847,,I Hate It Too,,,,,,
https://musicbrainz.org/recording/1e627874-c19a-4a40-bc5b-e46d9cdd4b12,,,,,https://musicbrainz.org/genre/aec382b7-b635-470c-9051-2f84e0b5ea1e,post-hardcore,https://www.wikidata.org/wiki/Q377910,,,,,,,,,,,
https://musicbrainz.org/recording/1e627874-c19a-4a40-bc5b-e46d9cdd4b12,,,,,https://musicbrainz.org/genre/a4012b2e-5c27-4f81-8781-9ae5998d882c,shoegaze,https://www.wikidata.org/wiki/Q272167,,,,,,,,,,,
https://musicbrainz.org/recording/1e627874-c19a-4a40-bc5b-e46d9cdd4b12,,,,,https://musicbrainz.org/genre/532dcf83-5641-446d-b007-51292b401650,space rock,https://www.wikidata.org/wiki/Q236913,,,,,,,,,,,
https://musicbrainz.org/recording/dd6e4774-be83-41f1-89fb-f0c6ee782563,,False,The Ventures,https://www.wikidata.org/wiki/Q770732,https://musicbrainz.org/genre/797e2e85-5ffd-495c-a757-8b4079052f0e,pop rock,https://www.wikidata.org/wiki/Q484641,https://musicbrainz.org/artist/b2cc8903-0077-4bef-8454-ac5cef53d126,The Ventures,https://www.wikidata.org/wiki/Q770732,,Hawaii Five‐O,,,,,,
https://musicbrainz.org/recording/dd6e4774-be83-41f1-89fb-f0c6ee782563,,,,,https://musicbrainz.org/genre/b76ee78d-ec97-49e9-8ea6-cfc46ecc3b23,surf rock,https://www.wikidata.org/wiki/Q106581470,,,,,,,,,,,
https://musicbrainz.org/recording/dd6e4774-be83-41f1-89fb-f0c6ee782563,,,,,https://musicbrainz.org/genre/82e38e98-8a93-4ea9-a07f-ff0aeba07444,swamp rock,https://www.wikidata.org/wiki/Q675553,,,,,,,,,,,
https://musicbrainz.org/recording/5926110f-2c25-4750-ad7f-ca422870b5a4,,False,The Beach Boys,https://www.wikidata.org/wiki/Q183048,https://musicbrainz.org/genre/150eb95a-7739-4fde-a5fe-b62ca576a928,baroque pop,https://www.wikidata.org/wiki/Q46046,https://musicbrainz.org/artist/ebfc1398-8d96-47e3-82c3-f782abcdb13d,The Beach Boys,https://www.wikidata.org/wiki/Q183048,196000,"Fun, Fun, Fun",https://www.wikidata.org/wiki/Q673477,,https://musicbrainz.org/genre/93244085-20e5-4f16-9067-1d19143b3810,classic rock,https://www.wikidata.org/wiki/Q56351111,
https://musicbrainz.org/recording/5926110f-2c25-4750-ad7f-ca422870b5a4,,,,,https://musicbrainz.org/genre/911c7bbb-172d-4df8-9478-dbff4296e791,pop music,https://www.wikidata.org/wiki/Q37073,,,,,,,,https://musicbrainz.org/genre/0e3fc579-2d24-4f20-9dae-736e1ec78798,rock music,https://www.wikidata.org/wiki/Q11399,
https://musicbrainz.org/recording/5926110f-2c25-4750-ad7f-ca422870b5a4,,,,,https://musicbrainz.org/genre/797e2e85-5ffd-495c-a757-8b4079052f0e,pop rock,https://www.wikidata.org/wiki/Q484641,,,,,,,,https://musicbrainz.org/genre/b76ee78d-ec97-49e9-8ea6-cfc46ecc3b23,surf rock,https://www.wikidata.org/wiki/Q106581470,
https://musicbrainz.org/recording/5926110f-2c25-4750-ad7f-ca422870b5a4,,,,,https://musicbrainz.org/genre/489ebed8-1299-4761-ba0b-29d381085f82,progressive pop,https://www.wikidata.org/wiki/Q3397882,,,,,,,,,,,
https://musicbrainz.org/recording/5926110f-2c25-4750-ad7f-ca422870b5a4,,,,,https://musicbrainz.org/genre/2aeb5340-c474-4677-b9a6-35ddac9b6a58,psychedelic pop,https://www.wikidata.org/wiki/Q383982,,,,,,,,,,,
https://musicbrainz.org/recording/5926110f-2c25-4750-ad7f-ca422870b5a4,,,,,https://musicbrainz.org/genre/0e3fc579-2d24-4f20-9dae-736e1ec78798,rock music,https://www.wikidata.org/wiki/Q11399,,,,,,,,,,,
https://musicbrainz.org/recording/5926110f-2c25-4750-ad7f-ca422870b5a4,,,,,https://musicbrainz.org/genre/68b80b55-c919-4258-ac7a-55fb6c927ed9,sunshine pop,https://www.wikidata.org/wiki/Q2461933,,,,,,,,,,,
https://musicbrainz.org/recording/5926110f-2c25-4750-ad7f-ca422870b5a4,,,,,https://musicbrainz.org/genre/b76ee78d-ec97-49e9-8ea6-cfc46ecc3b23,surf rock,https://www.wikidata.org/wiki/Q106581470,,,,,,,,,,,
https://musicbrainz.org/recording/5926110f-2c25-4750-ad7f-ca422870b5a4,,,,,https://musicbrainz.org/genre/0bb94bd0-0025-479c-b398-41fb2f12f939,surf pop,https://www.wikidata.org/wiki/Q16011695,,,,,,,,,,,
https://musicbrainz.org/recording/5656ed22-791e-4739-9834-dfa228137d93,,False,Qaballah Steppers,,https://musicbrainz.org/genre/8d901306-d4a3-436c-a1c3-75550e5b6eaf,avant-garde jazz,https://www.wikidata.org/wiki/Q790188,https://musicbrainz.org/artist/4a3818b4-0d35-445c-988e-e62770b196d4,Qaballah Steppers,,284000,Black Star,,,,,,
https://musicbrainz.org/recording/5656ed22-791e-4739-9834-dfa228137d93,,,Marc Ribot,https://www.wikidata.org/wiki/Q539506,https://musicbrainz.org/genre/68c81274-5770-4e7b-a4bf-ab0d7d425d99,experimental music,https://www.wikidata.org/wiki/Q1640319,https://musicbrainz.org/artist/e6071b18-261e-46a1-8ee6-4dbd7f5f99f3,Marc Ribot,https://www.wikidata.org/wiki/Q539506,,,,,,,,
https://musicbrainz.org/recording/5656ed22-791e-4739-9834-dfa228137d93,,,,,https://musicbrainz.org/genre/65c97e89-b42b-45c2-a70e-0eca1b8f0ff7,experimental rock,https://www.wikidata.org/wiki/Q1641839,,,,,,,,,,,
https://musicbrainz.org/recording/5656ed22-791e-4739-9834-dfa228137d93,,,,,https://musicbrainz.org/genre/6a1ba2f9-1e5b-446f-9ffa-c0b0963aa08f,free improvisation,https://www.wikidata.org/wiki/Q592060,,,,,,,,,,,
https://musicbrainz.org/recording/d7d32265-22a9-471d-bf7d-d624ef55acd4,,False,Billy Ocean,https://www.wikidata.org/wiki/Q356745,https://musicbrainz.org/genre/4bb4043a-0ee5-4b84-93fa-6ba4567a6ba0,contemporary R&B,https://www.wikidata.org/wiki/Q850412,https://musicbrainz.org/artist/0e422e91-a42a-4b4d-8413-9baff67350f2,Billy Ocean,https://www.wikidata.org/wiki/Q356745,,Caribbean Queen,https://www.wikidata.org/wiki/Q977668,,,,,
https://musicbrainz.org/recording/d7d32265-22a9-471d-bf7d-d624ef55acd4,,,,,https://musicbrainz.org/genre/b739a895-85ed-4ad3-8717-4e9ef5387dd8,dance-pop,https://www.wikidata.org/wiki/Q211756,,,,,,,,,,,
https://musicbrainz.org/recording/d7d32265-22a9-471d-bf7d-d624ef55acd4,,,,,https://musicbrainz.org/genre/a04d680b-b5c5-4f6a-87a3-f9f1ff98e3ea,disco,https://www.wikidata.org/wiki/Q58339,,,,,,,,,,,
https://musicbrainz.org/recording/d7d32265-22a9-471d-bf7d-d624ef55acd4,,,,,https://musicbrainz.org/genre/911c7bbb-172d-4df8-9478-dbff4296e791,pop music,https://www.wikidata.org/wiki/Q37073,,,,,,,,,,,
https://musicbrainz.org/recording/d7d32265-22a9-471d-bf7d-d624ef55acd4,,,,,https://musicbrainz.org/genre/64e0bd76-822f-4549-a6fe-9858561282d1,pop soul,https://www.wikidata.org/wiki/Q11700065,,,,,,,,,,,
https://musicbrainz.org/recording/d7d32265-22a9-471d-bf7d-d624ef55acd4,,,,,https://musicbrainz.org/genre/31be54b2-4d0c-42df-aa44-c496c7b4c3c3,rhythm and blues,https://www.wikidata.org/wiki/Q45981,,,,,,,,,,,
https://musicbrainz.org/recording/d7d32265-22a9-471d-bf7d-d624ef55acd4,,,,,https://musicbrainz.org/genre/1b5e7b16-336b-473e-a364-5120413a9827,soul music,https://www.wikidata.org/wiki/Q131272,,,,,,,,,,,
https://musicbrainz.org/recording/e3aaaf03-9e87-4e99-8787-5d62a8724fc1,,False,The Beach Boys,https://www.wikidata.org/wiki/Q183048,https://musicbrainz.org/genre/150eb95a-7739-4fde-a5fe-b62ca576a928,baroque pop,https://www.wikidata.org/wiki/Q46046,https://musicbrainz.org/artist/ebfc1398-8d96-47e3-82c3-f782abcdb13d,The Beach Boys,https://www.wikidata.org/wiki/Q183048,169000,Surfin' USA,,,https://musicbrainz.org/genre/93244085-20e5-4f16-9067-1d19143b3810,classic rock,https://www.wikidata.org/wiki/Q56351111,
https://musicbrainz.org/recording/e3aaaf03-9e87-4e99-8787-5d62a8724fc1,,,,,https://musicbrainz.org/genre/911c7bbb-172d-4df8-9478-dbff4296e791,pop music,https://www.wikidata.org/wiki/Q37073,,,,,,,,https://musicbrainz.org/genre/a04d680b-b5c5-4f6a-87a3-f9f1ff98e3ea,disco,https://www.wikidata.org/wiki/Q58339,
https://musicbrainz.org/recording/e3aaaf03-9e87-4e99-8787-5d62a8724fc1,,,,,https://musicbrainz.org/genre/797e2e85-5ffd-495c-a757-8b4079052f0e,pop rock,https://www.wikidata.org/wiki/Q484641,,,,,,,,https://musicbrainz.org/genre/911c7bbb-172d-4df8-9478-dbff4296e791,pop music,https://www.wikidata.org/wiki/Q37073,
https://musicbrainz.org/recording/e3aaaf03-9e87-4e99-8787-5d62a8724fc1,,,,,https://musicbrainz.org/genre/489ebed8-1299-4761-ba0b-29d381085f82,progressive pop,https://www.wikidata.org/wiki/Q3397882,,,,,,,,https://musicbrainz.org/genre/0e3fc579-2d24-4f20-9dae-736e1ec78798,rock music,https://www.wikidata.org/wiki/Q11399,
https://musicbrainz.org/recording/e3aaaf03-9e87-4e99-8787-5d62a8724fc1,,,,,https://musicbrainz.org/genre/2aeb5340-c474-4677-b9a6-35ddac9b6a58,psychedelic pop,https://www.wikidata.org/wiki/Q383982,,,,,,,,https://musicbrainz.org/genre/b76ee78d-ec97-49e9-8ea6-cfc46ecc3b23,surf rock,https://www.wikidata.org/wiki/Q106581470,
https://musicbrainz.org/recording/e3aaaf03-9e87-4e99-8787-5d62a8724fc1,,,,,https://musicbrainz.org/genre/0e3fc579-2d24-4f20-9dae-736e1ec78798,rock music,https://www.wikidata.org/wiki/Q11399,,,,,,,,,,,
https://musicbrainz.org/recording/e3aaaf03-9e87-4e99-8787-5d62a8724fc1,,,,,https://musicbrainz.org/genre/68b80b55-c919-4258-ac7a-55fb6c927ed9,sunshine pop,https://www.wikidata.org/wiki/Q2461933,,,,,,,,,,,
https://musicbrainz.org/recording/e3aaaf03-9e87-4e99-8787-5d62a8724fc1,,,,,https://musicbrainz.org/genre/b76ee78d-ec97-49e9-8ea6-cfc46ecc3b23,surf rock,https://www.wikidata.org/wiki/Q106581470,,,,,,,,,,,
https://musicbrainz.org/recording/e3aaaf03-9e87-4e99-8787-5d62a8724fc1,,,,,https://musicbrainz.org/genre/0bb94bd0-0025-479c-b398-41fb2f12f939,surf pop,https://www.wikidata.org/wiki/Q16011695,,,,,,,,,,,
https://musicbrainz.org/recording/6454044c-3746-4907-93cc-3a1ce80a88ee,,False,Bill Laswell,https://www.wikidata.org/wiki/Q552511,https://musicbrainz.org/genre/608b0471-7531-4854-a348-e698c69cb699,ambient music,https://www.wikidata.org/wiki/Q193207,https://musicbrainz.org/artist/8b7a121c-5b50-4912-ab4c-e49a631a2db0,Bill Laswell,https://www.wikidata.org/wiki/Q552511,339000,Mystery of Shape Changing,,,,,,
https://musicbrainz.org/recording/6454044c-3746-4907-93cc-3a1ce80a88ee,,,,,https://musicbrainz.org/genre/b7ef058e-6d83-4ca4-8123-9724bff4648b,art rock,https://www.wikidata.org/wiki/Q217467,,,,,,,,,,,
https://musicbrainz.org/recording/6454044c-3746-4907-93cc-3a1ce80a88ee,,,,,https://musicbrainz.org/genre/b1c0c2ad-e5ae-4bb6-a1be-d66e195fd2d7,avant-garde music,https://www.wikidata.org/wiki/Q2332751,,,,,,,,,,,
https://musicbrainz.org/recording/6454044c-3746-4907-93cc-3a1ce80a88ee,,,,,https://musicbrainz.org/genre/c72a5d45-75a8-4b35-9f48-67e49eb4b5e5,dub music,https://www.wikidata.org/wiki/Q212688,,,,,,,,,,,
https://musicbrainz.org/recording/6454044c-3746-4907-93cc-3a1ce80a88ee,,,,,https://musicbrainz.org/genre/53a3cea3-17af-4421-a07a-5824b540aeb5,electronica,https://www.wikidata.org/wiki/Q817138,,,,,,,,,,,
https://musicbrainz.org/recording/6454044c-3746-4907-93cc-3a1ce80a88ee,,,,,https://musicbrainz.org/genre/68c81274-5770-4e7b-a4bf-ab0d7d425d99,experimental music,https://www.wikidata.org/wiki/Q1640319,,,,,,,,,,,
https://musicbrainz.org/recording/6454044c-3746-4907-93cc-3a1ce80a88ee,,,,,https://musicbrainz.org/genre/5f216b90-4ed2-4297-a243-d623db4c8235,industrial hip hop,https://www.wikidata.org/wiki/Q2004156,,,,,,,,,,,
https://musicbrainz.org/recording/6454044c-3746-4907-93cc-3a1ce80a88ee,,,,,https://musicbrainz.org/genre/a715278f-1580-409f-8078-4ffbc800e08b,jazz,https://www.wikidata.org/wiki/Q8341,,,,,,,,,,,
https://musicbrainz.org/recording/b4e11510-1c22-445b-846b-cf01cc34fb87,,False,The Beach Boys,https://www.wikidata.org/wiki/Q183048,https://musicbrainz.org/genre/150eb95a-7739-4fde-a5fe-b62ca576a928,baroque pop,https://www.wikidata.org/wiki/Q46046,https://musicbrainz.org/artist/ebfc1398-8d96-47e3-82c3-f782abcdb13d,The Beach Boys,https://www.wikidata.org/wiki/Q183048,165000,Wouldn't It Be Nice / God Only Knows,https://www.wikidata.org/wiki/Q56632152,,https://musicbrainz.org/genre/911c7bbb-172d-4df8-9478-dbff4296e791,pop music,https://www.wikidata.org/wiki/Q37073,
https://musicbrainz.org/recording/b4e11510-1c22-445b-846b-cf01cc34fb87,,,,,https://musicbrainz.org/genre/911c7bbb-172d-4df8-9478-dbff4296e791,pop music,https://www.wikidata.org/wiki/Q37073,,,,,,,,,,,
https://musicbrainz.org/recording/b4e11510-1c22-445b-846b-cf01cc34fb87,,,,,https://musicbrainz.org/genre/797e2e85-5ffd-495c-a757-8b4079052f0e,pop rock,https://www.wikidata.org/wiki/Q484641,,,,,,,,,,,
https://musicbrainz.org/recording/b4e11510-1c22-445b-846b-cf01cc34fb87,,,,,https://musicbrainz.org/genre/489ebed8-1299-4761-ba0b-29d381085f82,progressive pop,https://www.wikidata.org/wiki/Q3397882,,,,,,,,,,,
https://musicbrainz.org/recording/b4e11510-1c22-445b-846b-cf01cc34fb87,,,,,https://musicbrainz.org/genre/2aeb5340-c474-4677-b9a6-35ddac9b6a58,psychedelic pop,https://www.wikidata.org/wiki/Q383982,,,,,,,,,,,
https://musicbrainz.org/recording/b4e11510-1c22-445b-846b-cf01cc34fb87,,,,,https://musicbrainz.org/genre/0e3fc579-2d24-4f20-9dae-736e1ec78798,rock music,https://www.wikidata.org/wiki/Q11399,,,,,,,,,,,
https://musicbrainz.org/recording/b4e11510-1c22-445b-846b-cf01cc34fb87,,,,,https://musicbrainz.org/genre/68b80b55-c919-4258-ac7a-55fb6c927ed9,sunshine pop,https://www.wikidata.org/wiki/Q2461933,,,,,,,,,,,
https://musicbrainz.org/recording/b4e11510-1c22-445b-846b-cf01cc34fb87,,,,,https://musicbrainz.org/genre/b76ee78d-ec97-49e9-8ea6-cfc46ecc3b23,surf rock,https://www.wikidata.org/wiki/Q106581470,,,,,,,,,,,
https://musicbrainz.org/recording/b4e11510-1c22-445b-846b-cf01cc34fb87,,,,,https://musicbrainz.org/genre/0bb94bd0-0025-479c-b398-41fb2f12f939,surf pop,https://www.wikidata.org/wiki/Q16011695,,,,,,,,,,,
https://musicbrainz.org/recording/b62e7cb9-a430-4756-9498-57431475f3b9,,False,Blondie,https://www.wikidata.org/wiki/Q202741,https://musicbrainz.org/genre/a04d680b-b5c5-4f6a-87a3-f9f1ff98e3ea,disco,https://www.wikidata.org/wiki/Q58339,https://musicbrainz.org/artist/4d2956d1-a3f7-44bb-9a41-67563e1a0c94,Blondie,https://www.wikidata.org/wiki/Q202741,,Heart of Glass / 11:59,https://www.wikidata.org/wiki/Q95465783,,,,,
https://musicbrainz.org/recording/b62e7cb9-a430-4756-9498-57431475f3b9,,,,,https://musicbrainz.org/genre/56407f9d-3398-4bf3-bbbd-ea372fa5adeb,new wave,https://www.wikidata.org/wiki/Q187760,,,,,,,,,,,
https://musicbrainz.org/recording/b62e7cb9-a430-4756-9498-57431475f3b9,,,,,https://musicbrainz.org/genre/911c7bbb-172d-4df8-9478-dbff4296e791,pop music,https://www.wikidata.org/wiki/Q37073,,,,,,,,,,,
https://musicbrainz.org/recording/b62e7cb9-a430-4756-9498-57431475f3b9,,,,,https://musicbrainz.org/genre/797e2e85-5ffd-495c-a757-8b4079052f0e,pop rock,https://www.wikidata.org/wiki/Q484641,,,,,,,,,,,
https://musicbrainz.org/recording/b62e7cb9-a430-4756-9498-57431475f3b9,,,,,https://musicbrainz.org/genre/618704fc-daac-44a2-92c9-89e3b1a2fc8c,power pop,https://www.wikidata.org/wiki/Q837837,,,,,,,,,,,
https://musicbrainz.org/recording/b62e7cb9-a430-4756-9498-57431475f3b9,,,,,https://musicbrainz.org/genre/8cc9b280-230b-4a3a-b1e2-8acab0744dd3,punk music,https://www.wikidata.org/wiki/Q25554481,,,,,,,,,,,
https://musicbrainz.org/recording/b62e7cb9-a430-4756-9498-57431475f3b9,,,,,https://musicbrainz.org/genre/bd7e1d40-43b1-4ba5-97b3-05b891466962,punk rock,https://www.wikidata.org/wiki/Q3071,,,,,,,,,,,
https://musicbrainz.org/recording/b62e7cb9-a430-4756-9498-57431475f3b9,,,,,https://musicbrainz.org/genre/0e3fc579-2d24-4f20-9dae-736e1ec78798,rock music,https://www.wikidata.org/wiki/Q11399,,,,,,,,,,,
https://musicbrainz.org/recording/f67510c0-a5ed-4737-bd39-bdacdf49cceb,,False,The Beach Boys,https://www.wikidata.org/wiki/Q183048,https://musicbrainz.org/genre/150eb95a-7739-4fde-a5fe-b62ca576a928,baroque pop,https://www.wikidata.org/wiki/Q46046,https://musicbrainz.org/artist/ebfc1398-8d96-47e3-82c3-f782abcdb13d,The Beach Boys,https://www.wikidata.org/wiki/Q183048,325000,We Got Love,,,https://musicbrainz.org/genre/911c7bbb-172d-4df8-9478-dbff4296e791,pop music,https://www.wikidata.org/wiki/Q37073,
https://musicbrainz.org/recording/f67510c0-a5ed-4737-bd39-bdacdf49cceb,,,,,https://musicbrainz.org/genre/911c7bbb-172d-4df8-9478-dbff4296e791,pop music,https://www.wikidata.org/wiki/Q37073,,,,,,,,https://musicbrainz.org/genre/b76ee78d-ec97-49e9-8ea6-cfc46ecc3b23,surf rock,https://www.wikidata.org/wiki/Q106581470,
https://musicbrainz.org/recording/f67510c0-a5ed-4737-bd39-bdacdf49cceb,,,,,https://musicbrainz.org/genre/797e2e85-5ffd-495c-a757-8b4079052f0e,pop rock,https://www.wikidata.org/wiki/Q484641,,,,,,,,,,,
https://musicbrainz.org/recording/f67510c0-a5ed-4737-bd39-bdacdf49cceb,,,,,https://musicbrainz.org/genre/489ebed8-1299-4761-ba0b-29d381085f82,progressive pop,https://www.wikidata.org/wiki/Q3397882,,,,,,,,,,,
https://musicbrainz.org/recording/f67510c0-a5ed-4737-bd39-bdacdf49cceb,,,,,https://musicbrainz.org/genre/2aeb5340-c474-4677-b9a6-35ddac9b6a58,psychedelic pop,https://www.wikidata.org/wiki/Q383982,,,,,,,,,,,
https://musicbrainz.org/recording/f67510c0-a5ed-4737-bd39-bdacdf49cceb,,,,,https://musicbrainz.org/genre/0e3fc579-2d24-4f20-9dae-736e1ec78798,rock music,https://www.wikidata.org/wiki/Q11399,,,,,,,,,,,
https://musicbrainz.org/recording/f67510c0-a5ed-4737-bd39-bdacdf49cceb,,,,,https://musicbrainz.org/genre/68b80b55-c919-4258-ac7a-55fb6c927ed9,sunshine pop,https://www.wikidata.org/wiki/Q2461933,,,,,,,,,,,
https://musicbrainz.org/recording/f67510c0-a5ed-4737-bd39-bdacdf49cceb,,,,,https://musicbrainz.org/genre/b76ee78d-ec97-49e9-8ea6-cfc46ecc3b23,surf rock,https://www.wikidata.org/wiki/Q106581470,,,,,,,,,,,
https://musicbrainz.org/recording/f67510c0-a5ed-4737-bd39-bdacdf49cceb,,,,,https://musicbrainz.org/genre/0bb94bd0-0025-479c-b398-41fb2f12f939,surf pop,https://www.wikidata.org/wiki/Q16011695,,,,,,,,,,,
https://musicbrainz.org/recording/0b14ff1d-3f32-4f3f-808b-ead5dbe3f65a,,False,Donovan,https://www.wikidata.org/wiki/Q317427,https://musicbrainz.org/genre/c11e4253-a888-4a2a-adde-c274b748d0b3,contemporary folk music,https://www.wikidata.org/wiki/Q106298881,https://musicbrainz.org/artist/72d7d717-0837-4f2a-9641-d0f9fdd3acf7,Donovan,https://www.wikidata.org/wiki/Q317427,,Sunshine Superman,https://www.wikidata.org/wiki/Q3077765,,,,,
https://musicbrainz.org/recording/0b14ff1d-3f32-4f3f-808b-ead5dbe3f65a,,,,,https://musicbrainz.org/genre/a91eed3a-fdd0-494e-ade0-95ea4117f6eb,folk music,https://www.wikidata.org/wiki/Q43343,,,,,,,,,,,
https://musicbrainz.org/recording/0b14ff1d-3f32-4f3f-808b-ead5dbe3f65a,,,,,https://musicbrainz.org/genre/abb2374f-30e5-4d3e-b417-2caf78ef1f6c,folk-pop,https://www.wikidata.org/wiki/Q11700058,,,,,,,,,,,
https://musicbrainz.org/recording/0b14ff1d-3f32-4f3f-808b-ead5dbe3f65a,,,,,https://musicbrainz.org/genre/445dc48f-5233-4b4f-987f-867ff9ade836,folk rock,https://www.wikidata.org/wiki/Q186472,,,,,,,,,,,
https://musicbrainz.org/recording/0b14ff1d-3f32-4f3f-808b-ead5dbe3f65a,,,,,https://musicbrainz.org/genre/911c7bbb-172d-4df8-9478-dbff4296e791,pop music,https://www.wikidata.org/wiki/Q37073,,,,,,,,,,,
https://musicbrainz.org/recording/0b14ff1d-3f32-4f3f-808b-ead5dbe3f65a,,,,,https://musicbrainz.org/genre/507757f0-a63c-422b-93f1-f1d77462033f,psychedelic folk,https://www.wikidata.org/wiki/Q1500364,,,,,,,,,,,
https://musicbrainz.org/recording/0b14ff1d-3f32-4f3f-808b-ead5dbe3f65a,,,,,https://musicbrainz.org/genre/2aeb5340-c474-4677-b9a6-35ddac9b6a58,psychedelic pop,https://www.wikidata.org/wiki/Q383982,,,,,,,,,,,
https://musicbrainz.org/recording/0b14ff1d-3f32-4f3f-808b-ead5dbe3f65a,,,,,https://musicbrainz.org/genre/0e3fc579-2d24-4f20-9dae-736e1ec78798,rock music,https://www.wikidata.org/wiki/Q11399,,,,,,,,,,,
https://musicbrainz.org/recording/0b14ff1d-3f32-4f3f-808b-ead5dbe3f65a,,,,,https://musicbrainz.org/genre/455f264b-db00-4716-991d-fbd32dc24523,singer-songwriter music,https://www.wikidata.org/wiki/Q89363113,,,,,,,,,,,
https://musicbrainz.org/recording/a2dcad34-5fda-451d-bbe5-8bd5b368a5ea,,False,Spectre,https://www.wikidata.org/wiki/Q2292612,https://musicbrainz.org/genre/52faa157-6bad-4d86-a0ab-d4dec7d2513c,hip hop music,https://www.wikidata.org/wiki/Q11401,https://musicbrainz.org/artist/e5a82b63-9ec2-4660-8c2b-b873be526393,Spectre,https://www.wikidata.org/wiki/Q2292612,376000,Hidden Gods (DJ Vadim remix),,,,,,
https://musicbrainz.org/recording/a2dcad34-5fda-451d-bbe5-8bd5b368a5ea,,,,,https://musicbrainz.org/genre/da52c9d1-73f2-456e-a0d0-94bd854cb338,illbient,https://www.wikidata.org/wiki/Q1658757,,,,,,,,,,,
https://musicbrainz.org/recording/a2dcad34-5fda-451d-bbe5-8bd5b368a5ea,,,,,https://musicbrainz.org/genre/45eb1d9c-588c-4dc8-9394-a14b7c8f02bc,trip hop,https://www.wikidata.org/wiki/Q205560,,,,,,,,,,,
https://musicbrainz.org/recording/5386dc03-a9d1-4a64-8ecf-4f9d96c833e8,,False,Bill Laswell,https://www.wikidata.org/wiki/Q552511,https://musicbrainz.org/genre/608b0471-7531-4854-a348-e698c69cb699,ambient music,https://www.wikidata.org/wiki/Q193207,https://musicbrainz.org/artist/8b7a121c-5b50-4912-ab4c-e49a631a2db0,Bill Laswell,https://www.wikidata.org/wiki/Q552511,444000,Melting Pot Dub,,,,,,
https://musicbrainz.org/recording/5386dc03-a9d1-4a64-8ecf-4f9d96c833e8,,,Style Scott,https://www.wikidata.org/wiki/Q18249300,https://musicbrainz.org/genre/b7ef058e-6d83-4ca4-8123-9724bff4648b,art rock,https://www.wikidata.org/wiki/Q217467,https://musicbrainz.org/artist/382a6bc1-d8c5-43f7-8745-8ef838dceb7b,Style Scott,https://www.wikidata.org/wiki/Q18249300,,,,,,,,
https://musicbrainz.org/recording/5386dc03-a9d1-4a64-8ecf-4f9d96c833e8,,,,,https://musicbrainz.org/genre/b1c0c2ad-e5ae-4bb6-a1be-d66e195fd2d7,avant-garde music,https://www.wikidata.org/wiki/Q2332751,,,,,,,,,,,
https://musicbrainz.org/recording/5386dc03-a9d1-4a64-8ecf-4f9d96c833e8,,,,,https://musicbrainz.org/genre/c72a5d45-75a8-4b35-9f48-67e49eb4b5e5,dub music,https://www.wikidata.org/wiki/Q212688,,,,,,,,,,,
https://musicbrainz.org/recording/5386dc03-a9d1-4a64-8ecf-4f9d96c833e8,,,,,https://musicbrainz.org/genre/53a3cea3-17af-4421-a07a-5824b540aeb5,electronica,https://www.wikidata.org/wiki/Q817138,,,,,,,,,,,
https://musicbrainz.org/recording/5386dc03-a9d1-4a64-8ecf-4f9d96c833e8,,,,,https://musicbrainz.org/genre/68c81274-5770-4e7b-a4bf-ab0d7d425d99,experimental music,https://www.wikidata.org/wiki/Q1640319,,,,,,,,,,,
https://musicbrainz.org/recording/5386dc03-a9d1-4a64-8ecf-4f9d96c833e8,,,,,https://musicbrainz.org/genre/5f216b90-4ed2-4297-a243-d623db4c8235,industrial hip hop,https://www.wikidata.org/wiki/Q2004156,,,,,,,,,,,
https://musicbrainz.org/recording/5386dc03-a9d1-4a64-8ecf-4f9d96c833e8,,,,,https://musicbrainz.org/genre/a715278f-1580-409f-8078-4ffbc800e08b,jazz,https://www.wikidata.org/wiki/Q8341,,,,,,,,,,,
https://musicbrainz.org/recording/5386dc03-a9d1-4a64-8ecf-4f9d96c833e8,,,,,https://musicbrainz.org/genre/c72a5d45-75a8-4b35-9f48-67e49eb4b5e5,dub music,https://www.wikidata.org/wiki/Q212688,,,,,,,,,,,
https://musicbrainz.org/recording/5386dc03-a9d1-4a64-8ecf-4f9d96c833e8,,,,,https://musicbrainz.org/genre/02b2f720-d06e-42ce-85c2-1ecd4191ffcb,reggae,https://www.wikidata.org/wiki/Q9794,,,,,,,,,,,
https://musicbrainz.org/recording/a5bc3968-cb08-425c-95da-2c918c5de908,,False,Professor Shehab,,,,,https://musicbrainz.org/artist/8181a698-64f9-476e-99c0-cd6a6954308a,Professor Shehab,,310000,Splendrous,,,,,,
https://musicbrainz.org/recording/a5bc3968-cb08-425c-95da-2c918c5de908,,,Dr. Israel,https://www.wikidata.org/wiki/Q1253906,,,,https://musicbrainz.org/artist/2d422b69-933d-45ff-8595-53cc2f957545,Dr. Israel,https://www.wikidata.org/wiki/Q1253906,,,,,,,,
https://musicbrainz.org/recording/61078bed-0d68-4934-9520-e79890412124,,False,The Beach Boys,https://www.wikidata.org/wiki/Q183048,https://musicbrainz.org/genre/150eb95a-7739-4fde-a5fe-b62ca576a928,baroque pop,https://www.wikidata.org/wiki/Q46046,https://musicbrainz.org/artist/ebfc1398-8d96-47e3-82c3-f782abcdb13d,The Beach Boys,https://www.wikidata.org/wiki/Q183048,262000,Let the Wind Blow,,,https://musicbrainz.org/genre/93244085-20e5-4f16-9067-1d19143b3810,classic rock,https://www.wikidata.org/wiki/Q56351111,
https://musicbrainz.org/recording/61078bed-0d68-4934-9520-e79890412124,,,,,https://musicbrainz.org/genre/911c7bbb-172d-4df8-9478-dbff4296e791,pop music,https://www.wikidata.org/wiki/Q37073,,,,,,,,https://musicbrainz.org/genre/911c7bbb-172d-4df8-9478-dbff4296e791,pop music,https://www.wikidata.org/wiki/Q37073,
https://musicbrainz.org/recording/61078bed-0d68-4934-9520-e79890412124,,,,,https://musicbrainz.org/genre/797e2e85-5ffd-495c-a757-8b4079052f0e,pop rock,https://www.wikidata.org/wiki/Q484641,,,,,,,,https://musicbrainz.org/genre/146ef761-5ad9-48b4-b0b3-483104f7da48,psychedelic rock,https://www.wikidata.org/wiki/Q206159,
https://musicbrainz.org/recording/61078bed-0d68-4934-9520-e79890412124,,,,,https://musicbrainz.org/genre/489ebed8-1299-4761-ba0b-29d381085f82,progressive pop,https://www.wikidata.org/wiki/Q3397882,,,,,,,,https://musicbrainz.org/genre/0e3fc579-2d24-4f20-9dae-736e1ec78798,rock music,https://www.wikidata.org/wiki/Q11399,
https://musicbrainz.org/recording/61078bed-0d68-4934-9520-e79890412124,,,,,https://musicbrainz.org/genre/2aeb5340-c474-4677-b9a6-35ddac9b6a58,psychedelic pop,https://www.wikidata.org/wiki/Q383982,,,,,,,,https://musicbrainz.org/genre/b76ee78d-ec97-49e9-8ea6-cfc46ecc3b23,surf rock,https://www.wikidata.org/wiki/Q106581470,
https://musicbrainz.org/recording/61078bed-0d68-4934-9520-e79890412124,,,,,https://musicbrainz.org/genre/0e3fc579-2d24-4f20-9dae-736e1ec78798,rock music,https://www.wikidata.org/wiki/Q11399,,,,,,,,,,,
https://musicbrainz.org/recording/61078bed-0d68-4934-9520-e79890412124,,,,,https://musicbrainz.org/genre/68b80b55-c919-4258-ac7a-55fb6c927ed9,sunshine pop,https://www.wikidata.org/wiki/Q2461933,,,,,,,,,,,
https://musicbrainz.org/recording/61078bed-0d68-4934-9520-e79890412124,,,,,https://musicbrainz.org/genre/b76ee78d-ec97-49e9-8ea6-cfc46ecc3b23,surf rock,https://www.wikidata.org/wiki/Q106581470,,,,,,,,,,,
https://musicbrainz.org/recording/61078bed-0d68-4934-9520-e79890412124,,,,,https://musicbrainz.org/genre/0bb94bd0-0025-479c-b398-41fb2f12f939,surf pop,https://www.wikidata.org/wiki/Q16011695,,,,,,,,,,,
https://musicbrainz.org/recording/4f74ddef-6b6b-4402-8492-96eb12ef4938,,False,The Beach Boys,https://www.wikidata.org/wiki/Q183048,https://musicbrainz.org/genre/150eb95a-7739-4fde-a5fe-b62ca576a928,baroque pop,https://www.wikidata.org/wiki/Q46046,https://musicbrainz.org/artist/ebfc1398-8d96-47e3-82c3-f782abcdb13d,The Beach Boys,https://www.wikidata.org/wiki/Q183048,155000,Surfer Girl,https://www.wikidata.org/wiki/Q897640,,,,,
https://musicbrainz.org/recording/4f74ddef-6b6b-4402-8492-96eb12ef4938,,,,,https://musicbrainz.org/genre/911c7bbb-172d-4df8-9478-dbff4296e791,pop music,https://www.wikidata.org/wiki/Q37073,,,,,,,,,,,
https://musicbrainz.org/recording/4f74ddef-6b6b-4402-8492-96eb12ef4938,,,,,https://musicbrainz.org/genre/797e2e85-5ffd-495c-a757-8b4079052f0e,pop rock,https://www.wikidata.org/wiki/Q484641,,,,,,,,,,,
https://musicbrainz.org/recording/4f74ddef-6b6b-4402-8492-96eb12ef4938,,,,,https://musicbrainz.org/genre/489ebed8-1299-4761-ba0b-29d381085f82,progressive pop,https://www.wikidata.org/wiki/Q3397882,,,,,,,,,,,
https://musicbrainz.org/recording/4f74ddef-6b6b-4402-8492-96eb12ef4938,,,,,https://musicbrainz.org/genre/2aeb5340-c474-4677-b9a6-35ddac9b6a58,psychedelic pop,https://www.wikidata.org/wiki/Q383982,,,,,,,,,,,
https://musicbrainz.org/recording/4f74ddef-6b6b-4402-8492-96eb12ef4938,,,,,https://musicbrainz.org/genre/0e3fc579-2d24-4f20-9dae-736e1ec78798,rock music,https://www.wikidata.org/wiki/Q11399,,,,,,,,,,,
https://musicbrainz.org/recording/4f74ddef-6b6b-4402-8492-96eb12ef4938,,,,,https://musicbrainz.org/genre/68b80b55-c919-4258-ac7a-55fb6c927ed9,sunshine pop,https://www.wikidata.org/wiki/Q2461933,,,,,,,,,,,
https://musicbrainz.org/recording/4f74ddef-6b6b-4402-8492-96eb12ef4938,,,,,https://musicbrainz.org/genre/b76ee78d-ec97-49e9-8ea6-cfc46ecc3b23,surf rock,https://www.wikidata.org/wiki/Q106581470,,,,,,,,,,,
https://musicbrainz.org/recording/4f74ddef-6b6b-4402-8492-96eb12ef4938,,,,,https://musicbrainz.org/genre/0bb94bd0-0025-479c-b398-41fb2f12f939,surf pop,https://www.wikidata.org/wiki/Q16011695,,,,,,,,,,,
https://musicbrainz.org/recording/68ca212a-b054-48c1-8a21-78f8a282b9ba,,False,The Beach Boys,https://www.wikidata.org/wiki/Q183048,https://musicbrainz.org/genre/150eb95a-7739-4fde-a5fe-b62ca576a928,baroque pop,https://www.wikidata.org/wiki/Q46046,https://musicbrainz.org/artist/ebfc1398-8d96-47e3-82c3-f782abcdb13d,The Beach Boys,https://www.wikidata.org/wiki/Q183048,244000,Funky Pretty,,,https://musicbrainz.org/genre/911c7bbb-172d-4df8-9478-dbff4296e791,pop music,https://www.wikidata.org/wiki/Q37073,
https://musicbrainz.org/recording/68ca212a-b054-48c1-8a21-78f8a282b9ba,,,,,https://musicbrainz.org/genre/911c7bbb-172d-4df8-9478-dbff4296e791,pop music,https://www.wikidata.org/wiki/Q37073,,,,,,,,https://musicbrainz.org/genre/b76ee78d-ec97-49e9-8ea6-cfc46ecc3b23,surf rock,https://www.wikidata.org/wiki/Q106581470,
https://musicbrainz.org/recording/68ca212a-b054-48c1-8a21-78f8a282b9ba,,,,,https://musicbrainz.org/genre/797e2e85-5ffd-495c-a757-8b4079052f0e,pop rock,https://www.wikidata.org/wiki/Q484641,,,,,,,,,,,
https://musicbrainz.org/recording/68ca212a-b054-48c1-8a21-78f8a282b9ba,,,,,https://musicbrainz.org/genre/489ebed8-1299-4761-ba0b-29d381085f82,progressive pop,https://www.wikidata.org/wiki/Q3397882,,,,,,,,,,,
https://musicbrainz.org/recording/68ca212a-b054-48c1-8a21-78f8a282b9ba,,,,,https://musicbrainz.org/genre/2aeb5340-c474-4677-b9a6-35ddac9b6a58,psychedelic pop,https://www.wikidata.org/wiki/Q383982,,,,,,,,,,,
https://musicbrainz.org/recording/68ca212a-b054-48c1-8a21-78f8a282b9ba,,,,,https://musicbrainz.org/genre/0e3fc579-2d24-4f20-9dae-736e1ec78798,rock music,https://www.wikidata.org/wiki/Q11399,,,,,,,,,,,
https://musicbrainz.org/recording/68ca212a-b054-48c1-8a21-78f8a282b9ba,,,,,https://musicbrainz.org/genre/68b80b55-c919-4258-ac7a-55fb6c927ed9,sunshine pop,https://www.wikidata.org/wiki/Q2461933,,,,,,,,,,,
https://musicbrainz.org/recording/68ca212a-b054-48c1-8a21-78f8a282b9ba,,,,,https://musicbrainz.org/genre/b76ee78d-ec97-49e9-8ea6-cfc46ecc3b23,surf rock,https://www.wikidata.org/wiki/Q106581470,,,,,,,,,,,
https://musicbrainz.org/recording/68ca212a-b054-48c1-8a21-78f8a282b9ba,,,,,https://musicbrainz.org/genre/0bb94bd0-0025-479c-b398-41fb2f12f939,surf pop,https://www.wikidata.org/wiki/Q16011695,,,,,,,,,,,
https://musicbrainz.org/recording/a25b88d7-efd8-43e6-a813-dc9cd7a705cd,,False,Silver Convention,https://www.wikidata.org/wiki/Q125533,https://musicbrainz.org/genre/b8881630-243e-4c9b-b091-fc79ef3a16d3,Eurodisco,https://www.wikidata.org/wiki/Q1374731,https://musicbrainz.org/artist/e5dd4cdf-8588-4f10-b06e-77e1d2472b60,Silver Convention,https://www.wikidata.org/wiki/Q125533,,"Fly, Robin, Fly",https://www.wikidata.org/wiki/Q5463062,,,,,
https://musicbrainz.org/recording/f4dd059b-d5f1-4595-9d18-d9e0eb06304f,,False,Professor Shehab,,,,,https://musicbrainz.org/artist/8181a698-64f9-476e-99c0-cd6a6954308a,Professor Shehab,,503000,Avatar,,,,,,
https://musicbrainz.org/recording/f4dd059b-d5f1-4595-9d18-d9e0eb06304f,,,Robert Musso,https://www.wikidata.org/wiki/Q7347904,,,,https://musicbrainz.org/artist/cb0dce05-da9a-43cf-aed3-01728ead0f24,Robert Musso,https://www.wikidata.org/wiki/Q7347904,,,,,,,,
https://musicbrainz.org/recording/390b7c07-4baa-4162-a281-b4a5de31964a,,False,Rose Royce,https://www.wikidata.org/wiki/Q1786574,https://musicbrainz.org/genre/a04d680b-b5c5-4f6a-87a3-f9f1ff98e3ea,disco,https://www.wikidata.org/wiki/Q58339,https://musicbrainz.org/artist/846482ac-d4c4-4286-8002-b14a601d8ec0,Rose Royce,https://www.wikidata.org/wiki/Q1786574,,Car Wash,https://www.wikidata.org/wiki/Q2050811,,,,,
https://musicbrainz.org/recording/390b7c07-4baa-4162-a281-b4a5de31964a,,,,,https://musicbrainz.org/genre/fe4ba6a1-9873-4fd0-a12b-a70c81818514,funk,https://www.wikidata.org/wiki/Q164444,,,,,,,,,,,
https://musicbrainz.org/recording/390b7c07-4baa-4162-a281-b4a5de31964a,,,,,https://musicbrainz.org/genre/64e0bd76-822f-4549-a6fe-9858561282d1,pop soul,https://www.wikidata.org/wiki/Q11700065,,,,,,,,,,,
https://musicbrainz.org/recording/390b7c07-4baa-4162-a281-b4a5de31964a,,,,,https://musicbrainz.org/genre/31be54b2-4d0c-42df-aa44-c496c7b4c3c3,rhythm and blues,https://www.wikidata.org/wiki/Q45981,,,,,,,,,,,
https://musicbrainz.org/recording/390b7c07-4baa-4162-a281-b4a5de31964a,,,,,https://musicbrainz.org/genre/d4eafdc7-1a86-422b-b598-79e6bb81745c,smooth soul,https://www.wikidata.org/wiki/Q3963051,,,,,,,,,,,
https://musicbrainz.org/recording/390b7c07-4baa-4162-a281-b4a5de31964a,,,,,https://musicbrainz.org/genre/1b5e7b16-336b-473e-a364-5120413a9827,soul music,https://www.wikidata.org/wiki/Q131272,,,,,,,,,,,
https://musicbrainz.org/recording/65bba172-dc83-462f-baed-e15b27ccfad7,,False,The Beach Boys,https://www.wikidata.org/wiki/Q183048,https://musicbrainz.org/genre/150eb95a-7739-4fde-a5fe-b62ca576a928,baroque pop,https://www.wikidata.org/wiki/Q46046,https://musicbrainz.org/artist/ebfc1398-8d96-47e3-82c3-f782abcdb13d,The Beach Boys,https://www.wikidata.org/wiki/Q183048,191000,Don't Worry Baby / I Get Around,https://www.wikidata.org/wiki/Q90919692,,https://musicbrainz.org/genre/93244085-20e5-4f16-9067-1d19143b3810,classic rock,https://www.wikidata.org/wiki/Q56351111,
https://musicbrainz.org/recording/65bba172-dc83-462f-baed-e15b27ccfad7,,,,,https://musicbrainz.org/genre/911c7bbb-172d-4df8-9478-dbff4296e791,pop music,https://www.wikidata.org/wiki/Q37073,,,,,,,,https://musicbrainz.org/genre/911c7bbb-172d-4df8-9478-dbff4296e791,pop music,https://www.wikidata.org/wiki/Q37073,
https://musicbrainz.org/recording/65bba172-dc83-462f-baed-e15b27ccfad7,,,,,https://musicbrainz.org/genre/797e2e85-5ffd-495c-a757-8b4079052f0e,pop rock,https://www.wikidata.org/wiki/Q484641,,,,,,,,https://musicbrainz.org/genre/0e3fc579-2d24-4f20-9dae-736e1ec78798,rock music,https://www.wikidata.org/wiki/Q11399,
https://musicbrainz.org/recording/65bba172-dc83-462f-baed-e15b27ccfad7,,,,,https://musicbrainz.org/genre/489ebed8-1299-4761-ba0b-29d381085f82,progressive pop,https://www.wikidata.org/wiki/Q3397882,,,,,,,,https://musicbrainz.org/genre/b76ee78d-ec97-49e9-8ea6-cfc46ecc3b23,surf rock,https://www.wikidata.org/wiki/Q106581470,
https://musicbrainz.org/recording/65bba172-dc83-462f-baed-e15b27ccfad7,,,,,https://musicbrainz.org/genre/2aeb5340-c474-4677-b9a6-35ddac9b6a58,psychedelic pop,https://www.wikidata.org/wiki/Q383982,,,,,,,,,,,
https://musicbrainz.org/recording/65bba172-dc83-462f-baed-e15b27ccfad7,,,,,https://musicbrainz.org/genre/0e3fc579-2d24-4f20-9dae-736e1ec78798,rock music,https://www.wikidata.org/wiki/Q11399,,,,,,,,,,,
https://musicbrainz.org/recording/65bba172-dc83-462f-baed-e15b27ccfad7,,,,,https://musicbrainz.org/genre/68b80b55-c919-4258-ac7a-55fb6c927ed9,sunshine pop,https://www.wikidata.org/wiki/Q2461933,,,,,,,,,,,
https://musicbrainz.org/recording/65bba172-dc83-462f-baed-e15b27ccfad7,,,,,https://musicbrainz.org/genre/b76ee78d-ec97-49e9-8ea6-cfc46ecc3b23,surf rock,https://www.wikidata.org/wiki/Q106581470,,,,,,,,,,,
https://musicbrainz.org/recording/65bba172-dc83-462f-baed-e15b27ccfad7,,,,,https://musicbrainz.org/genre/0bb94bd0-0025-479c-b398-41fb2f12f939,surf pop,https://www.wikidata.org/wiki/Q16011695,,,,,,,,,,,
https://musicbrainz.org/recording/3c81f2c0-12dc-47b6-a2aa-748ae220fddc,,False,Wolfgang Amadeus Mozart,https://www.wikidata.org/wiki/Q254,https://musicbrainz.org/genre/6ed4e4d1-9a97-4e2c-b8df-083754f154f4,classical music,https://www.wikidata.org/wiki/Q9730,https://musicbrainz.org/artist/b972f589-fb0e-474e-b64a-803b0364fa75,Wolfgang Amadeus Mozart,https://www.wikidata.org/wiki/Q254,,"Symphony No. 40 in G minor\, K. 550 ""Great"": I. Allegro molto",,,,,,
https://musicbrainz.org/recording/3c81f2c0-12dc-47b6-a2aa-748ae220fddc,,,,,https://musicbrainz.org/genre/095695ad-5a3e-4eda-b169-6f3f9cc9fa0d,Classical period,https://www.wikidata.org/wiki/Q17723,,,,,,,,,,,
https://musicbrainz.org/recording/3c81f2c0-12dc-47b6-a2aa-748ae220fddc,,,,,https://musicbrainz.org/genre/56e0b906-1018-4a55-8ec7-86746272116e,opera,https://www.wikidata.org/wiki/Q1344,,,,,,,,,,,
https://musicbrainz.org/recording/ccc484e8-3329-4b1f-9d34-0e9529068fe6,,False,Wolfgang Amadeus Mozart,https://www.wikidata.org/wiki/Q254,https://musicbrainz.org/genre/6ed4e4d1-9a97-4e2c-b8df-083754f154f4,classical music,https://www.wikidata.org/wiki/Q9730,https://musicbrainz.org/artist/b972f589-fb0e-474e-b64a-803b0364fa75,Wolfgang Amadeus Mozart,https://www.wikidata.org/wiki/Q254,,"Rondo Alla Turca\, from Piano Sonata No.11 3rd movement",,,,,,
https://musicbrainz.org/recording/ccc484e8-3329-4b1f-9d34-0e9529068fe6,,,,,https://musicbrainz.org/genre/095695ad-5a3e-4eda-b169-6f3f9cc9fa0d,Classical period,https://www.wikidata.org/wiki/Q17723,,,,,,,,,,,
https://musicbrainz.org/recording/ccc484e8-3329-4b1f-9d34-0e9529068fe6,,,,,https://musicbrainz.org/genre/56e0b906-1018-4a55-8ec7-86746272116e,opera,https://www.wikidata.org/wiki/Q1344,,,,,,,,,,,
https://musicbrainz.org/recording/e62276e9-bd40-4fd8-848d-7afc8fa787fe,,False,anonymous,https://www.wikidata.org/wiki/Q4233718,,,,https://musicbrainz.org/artist/125ec42a-7229-4250-afc5-e057484327fe,anonymous,https://www.wikidata.org/wiki/Q4233718,,"Eine kleine Nachtmusik\, K. 525: I. Allegro",,,https://musicbrainz.org/genre/6ed4e4d1-9a97-4e2c-b8df-083754f154f4,classical music,https://www.wikidata.org/wiki/Q9730,
https://musicbrainz.org/recording/03cfa213-830d-48d6-9fa7-5a3e2c4f5311,,False,Ludwig van Beethoven,https://www.wikidata.org/wiki/Q255,https://musicbrainz.org/genre/6ed4e4d1-9a97-4e2c-b8df-083754f154f4,classical music,https://www.wikidata.org/wiki/Q9730,https://musicbrainz.org/artist/1f9df192-a621-4f54-8850-2c5373b7eac9,Ludwig van Beethoven,https://www.wikidata.org/wiki/Q255,,Für Elise (Electronic Remix),https://www.wikidata.org/wiki/Q79812051,,,,,
https://musicbrainz.org/recording/03cfa213-830d-48d6-9fa7-5a3e2c4f5311,,,,,https://musicbrainz.org/genre/7969288f-182d-4cef-b68d-870cc4c753da,concerto,https://www.wikidata.org/wiki/Q9748,,,,,,,,,,,
https://musicbrainz.org/recording/03cfa213-830d-48d6-9fa7-5a3e2c4f5311,,,,,https://musicbrainz.org/genre/de77d1c8-eae4-41f2-930c-91efd9979915,mass,https://www.wikidata.org/wiki/Q217295,,,,,,,,,,,
https://musicbrainz.org/recording/03cfa213-830d-48d6-9fa7-5a3e2c4f5311,,,,,https://musicbrainz.org/genre/56e0b906-1018-4a55-8ec7-86746272116e,opera,https://www.wikidata.org/wiki/Q1344,,,,,,,,,,,
https://musicbrainz.org/recording/03cfa213-830d-48d6-9fa7-5a3e2c4f5311,,,,,https://musicbrainz.org/genre/bdebe8fd-c5b6-4b89-bb2a-ece612f1caa7,Romantic music,https://www.wikidata.org/wiki/Q207591,,,,,,,,,,,
https://musicbrainz.org/recording/0c86e0c9-ea10-4102-b9fd-b7b79084dbc0,,False,Ludwig van Beethoven,https://www.wikidata.org/wiki/Q255,https://musicbrainz.org/genre/6ed4e4d1-9a97-4e2c-b8df-083754f154f4,classical music,https://www.wikidata.org/wiki/Q9730,https://musicbrainz.org/artist/1f9df192-a621-4f54-8850-2c5373b7eac9,Ludwig van Beethoven,https://www.wikidata.org/wiki/Q255,,"Symphony No. 5\, Op. 67: I. Allegro con brio",,,,,,
https://musicbrainz.org/recording/0c86e0c9-ea10-4102-b9fd-b7b79084dbc0,,,,,https://musicbrainz.org/genre/7969288f-182d-4cef-b68d-870cc4c753da,concerto,https://www.wikidata.org/wiki/Q9748,,,,,,,,,,,
https://musicbrainz.org/recording/0c86e0c9-ea10-4102-b9fd-b7b79084dbc0,,,,,https://musicbrainz.org/genre/de77d1c8-eae4-41f2-930c-91efd9979915,mass,https://www.wikidata.org/wiki/Q217295,,,,,,,,,,,
https://musicbrainz.org/recording/0c86e0c9-ea10-4102-b9fd-b7b79084dbc0,,,,,https://musicbrainz.org/genre/56e0b906-1018-4a55-8ec7-86746272116e,opera,https://www.wikidata.org/wiki/Q1344,,,,,,,,,,,
https://musicbrainz.org/recording/0c86e0c9-ea10-4102-b9fd-b7b79084dbc0,,,,,https://musicbrainz.org/genre/bdebe8fd-c5b6-4b89-bb2a-ece612f1caa7,Romantic music,https://www.wikidata.org/wiki/Q207591,,,,,,,,,,,
https://musicbrainz.org/recording/57b191f7-136d-4c81-a292-91cee136fc36,,False,Richard Strauss,https://www.wikidata.org/wiki/Q13894,https://musicbrainz.org/genre/6ed4e4d1-9a97-4e2c-b8df-083754f154f4,classical music,https://www.wikidata.org/wiki/Q9730,https://musicbrainz.org/artist/4cb43d82-824e-4034-b03d-1a98f36f6e16,Richard Strauss,https://www.wikidata.org/wiki/Q13894,,Ein Heldenleben,,,,,,
https://musicbrainz.org/recording/57b191f7-136d-4c81-a292-91cee136fc36,,,,,https://musicbrainz.org/genre/6077a563-2935-4c77-ae93-f6a97ddf9d08,Lied,https://www.wikidata.org/wiki/Q216860,,,,,,,,,,,
https://musicbrainz.org/recording/57b191f7-136d-4c81-a292-91cee136fc36,,,,,https://musicbrainz.org/genre/56e0b906-1018-4a55-8ec7-86746272116e,opera,https://www.wikidata.org/wiki/Q1344,,,,,,,,,,,
https://musicbrainz.org/recording/c38b3262-ffa9-47c5-b0eb-1ebe644fc088,,False,anonymous,https://www.wikidata.org/wiki/Q4233718,,,,https://musicbrainz.org/artist/125ec42a-7229-4250-afc5-e057484327fe,anonymous,https://www.wikidata.org/wiki/Q4233718,,Thais: Meditation,,,,,,
https://musicbrainz.org/recording/3bc49b2a-a2f7-4d70-8d87-4bed3039f7ba,,False,Franz Schubert,https://www.wikidata.org/wiki/Q7312,https://musicbrainz.org/genre/6ed4e4d1-9a97-4e2c-b8df-083754f154f4,classical music,https://www.wikidata.org/wiki/Q9730,https://musicbrainz.org/artist/f91e3a88-24ee-4563-8963-fab73d2765ed,Franz Schubert,https://www.wikidata.org/wiki/Q7312,,"""Trout"" Quintet\, Theme and Variations",,,,,,
https://musicbrainz.org/recording/3bc49b2a-a2f7-4d70-8d87-4bed3039f7ba,,,,,https://musicbrainz.org/genre/bdebe8fd-c5b6-4b89-bb2a-ece612f1caa7,Romantic music,https://www.wikidata.org/wiki/Q207591,,,,,,,,,,,
https://musicbrainz.org/recording/f69b4722-870d-4ac6-abd0-5e51471f4748,,False,Robert Shaw Orchestra,,,,,https://musicbrainz.org/artist/f49cbf89-f651-421d-9857-f3a12de39d97,Robert Shaw Orchestra,,,"Mass in B minor\, BWV 232: Benedictus",,,https://musicbrainz.org/genre/9e44c2c9-8c44-4aa6-9de3-0f3e75b49f1b,Baroque music,https://www.wikidata.org/wiki/Q8361,
https://musicbrainz.org/recording/f69b4722-870d-4ac6-abd0-5e51471f4748,,,Robert Shaw,https://www.wikidata.org/wiki/Q2915908,,,,https://musicbrainz.org/artist/a50d048e-bca0-44c8-99db-c046d73f2213,Robert Shaw,https://www.wikidata.org/wiki/Q2915908,,,,,https://musicbrainz.org/genre/6ed4e4d1-9a97-4e2c-b8df-083754f154f4,classical music,https://www.wikidata.org/wiki/Q9730,
https://musicbrainz.org/recording/c1886798-ffa6-48d2-a8fd-0993ab12040e,,False,Robert Shaw Chorale,,https://musicbrainz.org/genre/6ed4e4d1-9a97-4e2c-b8df-083754f154f4,classical music,https://www.wikidata.org/wiki/Q9730,https://musicbrainz.org/artist/8f180909-aa78-4616-ab7c-fe0b7e4d9f75,Robert Shaw Chorale,,,"Mass in B minor\, BWV 232: Osanna",,,,,,
https://musicbrainz.org/recording/c1886798-ffa6-48d2-a8fd-0993ab12040e,,,Robert Shaw Orchestra,,,,,https://musicbrainz.org/artist/f49cbf89-f651-421d-9857-f3a12de39d97,Robert Shaw Orchestra,,,,,,,,,
https://musicbrainz.org/recording/c1886798-ffa6-48d2-a8fd-0993ab12040e,,,Robert Shaw,https://www.wikidata.org/wiki/Q2915908,,,,https://musicbrainz.org/artist/a50d048e-bca0-44c8-99db-c046d73f2213,Robert Shaw,https://www.wikidata.org/wiki/Q2915908,,,,,,,,
https://musicbrainz.org/recording/61e066cc-518b-42b5-9ec1-f80740867e6a,,False,Robert Shaw Chorale,,https://musicbrainz.org/genre/6ed4e4d1-9a97-4e2c-b8df-083754f154f4,classical music,https://www.wikidata.org/wiki/Q9730,https://musicbrainz.org/artist/8f180909-aa78-4616-ab7c-fe0b7e4d9f75,Robert Shaw Chorale,,,"Mass in B minor\, BWV 232: Sanctus",,,https://musicbrainz.org/genre/9e44c2c9-8c44-4aa6-9de3-0f3e75b49f1b,Baroque music,https://www.wikidata.org/wiki/Q8361,
https://musicbrainz.org/recording/61e066cc-518b-42b5-9ec1-f80740867e6a,,,Robert Shaw Orchestra,,,,,https://musicbrainz.org/artist/f49cbf89-f651-421d-9857-f3a12de39d97,Robert Shaw Orchestra,,,,,,https://musicbrainz.org/genre/6ed4e4d1-9a97-4e2c-b8df-083754f154f4,classical music,https://www.wikidata.org/wiki/Q9730,
https://musicbrainz.org/recording/61e066cc-518b-42b5-9ec1-f80740867e6a,,,Robert Shaw,https://www.wikidata.org/wiki/Q2915908,,,,https://musicbrainz.org/artist/a50d048e-bca0-44c8-99db-c046d73f2213,Robert Shaw,https://www.wikidata.org/wiki/Q2915908,,,,,,,,
https://musicbrainz.org/recording/61abe34e-21e4-4353-a8e7-fc29b882e42c,,False,Seb Fontaine,https://www.wikidata.org/wiki/Q7442306,https://musicbrainz.org/genre/e5bba957-8c91-496a-a675-c6d0c6b51c33,dance music,https://www.wikidata.org/wiki/Q316930,https://musicbrainz.org/artist/512948a9-cad9-4722-822c-99c8ebc62424,Seb Fontaine,https://www.wikidata.org/wiki/Q7442306,97826,Hooked on Junk,,,,,,
https://musicbrainz.org/recording/61abe34e-21e4-4353-a8e7-fc29b882e42c,,,,,https://musicbrainz.org/genre/a2782cb6-1cd0-477c-a61d-b3f8b42dd1b3,house music,https://www.wikidata.org/wiki/Q20502,,,,,,,,,,,
https://musicbrainz.org/recording/61abe34e-21e4-4353-a8e7-fc29b882e42c,,,,,https://musicbrainz.org/genre/70adb285-e1f7-458a-823f-5cbda5e291c4,progressive house,https://www.wikidata.org/wiki/Q915152,,,,,,,,,,,
https://musicbrainz.org/recording/559621b2-ce72-4545-8650-eeac3b6e01a0,,False,Mukkaa,,,,,https://musicbrainz.org/artist/1db2200c-e207-4157-bbd6-2331f363bcf7,Mukkaa,,182293,Buruchacca,,,,,,
https://musicbrainz.org/recording/ab77cb0a-a576-425c-abf2-f52e4f1f84b8,,False,Hikari Ōe,https://www.wikidata.org/wiki/Q2628541,,,,https://musicbrainz.org/artist/69ce5130-4d05-43d9-b556-ddda5fa1ff1b,Hikari Ōe,https://www.wikidata.org/wiki/Q2628541,,Dream,,,,,,
https://musicbrainz.org/recording/aaee2563-9609-474b-911c-ab067e1d3233,,False,Loleatta Holloway,https://www.wikidata.org/wiki/Q236497,https://musicbrainz.org/genre/a04d680b-b5c5-4f6a-87a3-f9f1ff98e3ea,disco,https://www.wikidata.org/wiki/Q58339,https://musicbrainz.org/artist/346fa4f6-3f10-40ec-b8d0-4666e4e8b094,Loleatta Holloway,https://www.wikidata.org/wiki/Q236497,173040,Crash Goes Love,,,,,,
https://musicbrainz.org/recording/aaee2563-9609-474b-911c-ab067e1d3233,,,,,https://musicbrainz.org/genre/31be54b2-4d0c-42df-aa44-c496c7b4c3c3,rhythm and blues,https://www.wikidata.org/wiki/Q45981,,,,,,,,,,,
https://musicbrainz.org/recording/aaee2563-9609-474b-911c-ab067e1d3233,,,,,https://musicbrainz.org/genre/1b5e7b16-336b-473e-a364-5120413a9827,soul music,https://www.wikidata.org/wiki/Q131272,,,,,,,,,,,
https://musicbrainz.org/recording/0929d653-f16a-4c02-bd1c-f9a1650ad6a0,,False,Funk Machine,,,,,https://musicbrainz.org/artist/224ba1f2-1e9e-40de-a624-b0c7a6d88a43,Funk Machine,,133533,Let's Get This Party Started,,,,,,
https://musicbrainz.org/recording/367e520f-2e24-46fb-8224-70cf7dd69eb9,,False,B-Zone,,,,,https://musicbrainz.org/artist/01ea6bab-ab48-4b95-9567-67b3d8b7b0d0,B-Zone,,127933,B-Zone,,,,,,
https://musicbrainz.org/recording/136e7991-52eb-4cd3-9be4-5dc8719a44bd,,False,Blender,,https://musicbrainz.org/genre/7dc2b20f-3953-4874-b9bf-41b8ba06d20c,acid jazz,https://www.wikidata.org/wiki/Q221772,https://musicbrainz.org/artist/875b84d6-8f49-47f7-8254-63a6eca79ba0,Blender,https://www.wikidata.org/wiki/Q4926009,61333,Touble Jazz,,,,,,
https://musicbrainz.org/recording/82700b08-1cb3-4760-938d-6903d8155ec3,,False,Total Eclipse,,https://musicbrainz.org/genre/7fa479e7-3d35-40d1-96f7-b619a5ca9d9f,deep house,https://www.wikidata.org/wiki/Q874038,https://musicbrainz.org/artist/2d01fc49-8c9d-48cf-9160-ebc62187cafb,Total Eclipse,,304493,Come Together,,,,,,
https://musicbrainz.org/recording/41a181d5-d5a1-443c-8782-fab24ffe54b5,,False,290 North,,,,,https://musicbrainz.org/artist/99bd3993-a2bd-49cc-8feb-37819faa0b97,290 North,,251760,Spirit of '93,,,,,,
https://musicbrainz.org/recording/360e0a4e-4346-41fa-9c61-be08f0e4d4e3,,False,Solo,,,,,https://musicbrainz.org/artist/8276abf1-120a-4d78-bc3f-4aa7eafe8960,Solo,,168440,Love Can't Turn Around,https://www.wikidata.org/wiki/Q6690423,,,,,
https://musicbrainz.org/recording/0c13d604-4165-4288-b6f5-b97a587cffa0,,False,anonymous,https://www.wikidata.org/wiki/Q4233718,,,,https://musicbrainz.org/artist/125ec42a-7229-4250-afc5-e057484327fe,anonymous,https://www.wikidata.org/wiki/Q4233718,,"Symphony no. 2 in C minor\, ""Resurrection"": I. Allegro maestoso",,,,,,
https://musicbrainz.org/recording/8d85652c-6018-4a52-ad59-326386a7de65,,False,Chubby Chunks,,,,,https://musicbrainz.org/artist/425e2651-c0b7-4af2-8cc3-397d44f5ce1f,Chubby Chunks,,139466,Jump to My Beat,,,,,,
https://musicbrainz.org/recording/53744d25-af1a-43b0-9668-1fac5fc13913,,False,Z100,,,,,https://musicbrainz.org/artist/85519ab6-407c-441f-8307-ccca144cda82,Z100,,109866,Testa Don't Stop,,,,,,
https://musicbrainz.org/recording/fa848f00-e8a9-4f93-bbf3-fbc4ced0df2d,,False,Myles Kayne,,,,,https://musicbrainz.org/artist/561d59af-99ff-4a01-a60d-60e76d91241a,Myles Kayne,,329266,Visions of Love/Jump,,,,,,
https://musicbrainz.org/recording/bbe6f7b0-14a6-4ba8-8cf4-6472d15dca52,,False,Mother,,,,,https://musicbrainz.org/artist/166a6591-135a-4f46-b4f4-0603e6f60a09,Mother,,216200,All Funked Up,,,,,,
https://musicbrainz.org/recording/e043bcf8-d502-4ac5-8be1-37722f700b64,,False,Transformer 2,,https://musicbrainz.org/genre/576ebd6b-d72f-4311-b445-cd30a1b6cb5c,Belgian hardcore techno,https://www.wikidata.org/wiki/Q112663444,https://musicbrainz.org/artist/40753237-7211-4895-a923-e67d4f8caee6,Transformer 2,,268266,Just Can't Get Enough,,,,,,
https://musicbrainz.org/recording/3deb3f9d-7211-4e5d-8cea-b4db42c7c867,,False,290 North,,,,,https://musicbrainz.org/artist/99bd3993-a2bd-49cc-8feb-37819faa0b97,290 North,,106600,The Scorpion,,,,,,
https://musicbrainz.org/recording/ab129eca-44d7-43cc-93f8-0cc4e66c69e9,,False,K&M,,,,,https://musicbrainz.org/artist/d06f9fe3-3c36-4d15-b745-01db097c625d,K&M,,195493,Funk 'N' Drive,,,,,,
https://musicbrainz.org/recording/35b9b52c-fd38-4a20-92b9-880e8d3100f9,,False,Pequena Habana,,,,,https://musicbrainz.org/artist/210b5496-73fc-4ae6-b360-c051aaab4a20,Pequena Habana,,109373,Picking Up Transmissions,,,,,,
https://musicbrainz.org/recording/22c268df-2aeb-419f-a9d3-8841d3f62f21,,False,The Shangri-Las,https://www.wikidata.org/wiki/Q129050,https://musicbrainz.org/genre/911c7bbb-172d-4df8-9478-dbff4296e791,pop music,https://www.wikidata.org/wiki/Q37073,https://musicbrainz.org/artist/91d01e5f-252d-469d-a16a-12c613e48e5d,The Shangri-Las,https://www.wikidata.org/wiki/Q129050,200560,The Train From Kanses City,,,,,,
https://musicbrainz.org/recording/c3a0d479-8749-4210-94b7-04e083ff823d,,False,Tony Hatch,https://www.wikidata.org/wiki/Q368435,,,,https://musicbrainz.org/artist/3227aef8-1844-48f2-80f6-843ed8ce6b9f,Tony Hatch,https://www.wikidata.org/wiki/Q368435,188026,Downtown,,,,,,
https://musicbrainz.org/recording/9c8c7618-b770-49db-a3d9-792802debd16,,False,Alexander Scriabin,https://www.wikidata.org/wiki/Q185647,https://musicbrainz.org/genre/6ed4e4d1-9a97-4e2c-b8df-083754f154f4,classical music,https://www.wikidata.org/wiki/Q9730,https://musicbrainz.org/artist/a4eba7b5-aceb-4acf-b297-3c0a3cd42757,Alexander Scriabin,https://www.wikidata.org/wiki/Q185647,112400,"Désir from 2 Pieces\, Op. 57",,,,,,
https://musicbrainz.org/recording/aef857b4-368c-42f6-9bd2-a7c86b575a1f,,False,Bob Dylan,https://www.wikidata.org/wiki/Q392,https://musicbrainz.org/genre/fe12b346-a10e-450f-bf81-fa20894b5ea2,blues,https://www.wikidata.org/wiki/Q9759,https://musicbrainz.org/artist/72c536dc-7137-4477-a521-567eeb840fa8,Bob Dylan,https://www.wikidata.org/wiki/Q392,,Subterranean Homesick Blues / She Belongs to Me,https://www.wikidata.org/wiki/Q109981668,,,,,
https://musicbrainz.org/recording/aef857b4-368c-42f6-9bd2-a7c86b575a1f,,,,,https://musicbrainz.org/genre/58e325d5-54fd-4e98-b39a-3aa6bc319273,blues rock,https://www.wikidata.org/wiki/Q193355,,,,,,,,,,,
https://musicbrainz.org/recording/aef857b4-368c-42f6-9bd2-a7c86b575a1f,,,,,https://musicbrainz.org/genre/c11e4253-a888-4a2a-adde-c274b748d0b3,contemporary folk music,https://www.wikidata.org/wiki/Q106298881,,,,,,,,,,,
https://musicbrainz.org/recording/aef857b4-368c-42f6-9bd2-a7c86b575a1f,,,,,https://musicbrainz.org/genre/5f665615-7fb3-49d8-b541-62a7b239edbe,country music,https://www.wikidata.org/wiki/Q83440,,,,,,,,,,,
https://musicbrainz.org/recording/aef857b4-368c-42f6-9bd2-a7c86b575a1f,,,,,https://musicbrainz.org/genre/fb07b1e3-411d-4146-a0d6-3479c0e7557b,country rock,https://www.wikidata.org/wiki/Q613408,,,,,,,,,,,
https://musicbrainz.org/recording/aef857b4-368c-42f6-9bd2-a7c86b575a1f,,,,,https://musicbrainz.org/genre/a91eed3a-fdd0-494e-ade0-95ea4117f6eb,folk music,https://www.wikidata.org/wiki/Q43343,,,,,,,,,,,
https://musicbrainz.org/recording/aef857b4-368c-42f6-9bd2-a7c86b575a1f,,,,,https://musicbrainz.org/genre/445dc48f-5233-4b4f-987f-867ff9ade836,folk rock,https://www.wikidata.org/wiki/Q186472,,,,,,,,,,,
https://musicbrainz.org/recording/aef857b4-368c-42f6-9bd2-a7c86b575a1f,,,,,https://musicbrainz.org/genre/797e2e85-5ffd-495c-a757-8b4079052f0e,pop rock,https://www.wikidata.org/wiki/Q484641,,,,,,,,,,,
https://musicbrainz.org/recording/aef857b4-368c-42f6-9bd2-a7c86b575a1f,,,,,https://musicbrainz.org/genre/0e3fc579-2d24-4f20-9dae-736e1ec78798,rock music,https://www.wikidata.org/wiki/Q11399,,,,,,,,,,,
https://musicbrainz.org/recording/aef857b4-368c-42f6-9bd2-a7c86b575a1f,,,,,https://musicbrainz.org/genre/455f264b-db00-4716-991d-fbd32dc24523,singer-songwriter music,https://www.wikidata.org/wiki/Q89363113,,,,,,,,,,,
https://musicbrainz.org/recording/6bba391e-2e8a-47b4-b2e6-1bf671db85fa,,False,anonymous,https://www.wikidata.org/wiki/Q4233718,,,,https://musicbrainz.org/artist/125ec42a-7229-4250-afc5-e057484327fe,anonymous,https://www.wikidata.org/wiki/Q4233718,,"Symphony no. 6 ""Tragic"": IV. Finale. Allegro moderato",,,,,,
https://musicbrainz.org/recording/34219457-c691-4289-9f91-a141835ebe09,,False,Analog Brothers,https://www.wikidata.org/wiki/Q4751040,https://musicbrainz.org/genre/13a4ac4a-8291-4a03-ab7b-311dec6457de,experimental hip hop,https://www.wikidata.org/wiki/Q5421158,https://musicbrainz.org/artist/083a9e9d-35d1-48bf-82f4-41974b49e13c,Analog Brothers,https://www.wikidata.org/wiki/Q4751040,245000,War,https://www.wikidata.org/wiki/Q97031981,,,,,
https://musicbrainz.org/recording/34219457-c691-4289-9f91-a141835ebe09,,,DJ Cisco,,https://musicbrainz.org/genre/bc8c2f79-dcea-43f3-962b-f0663868d42c,gangsta rap,https://www.wikidata.org/wiki/Q753679,https://musicbrainz.org/artist/30c6e774-587b-4ad5-b405-6295aead06d1,DJ Cisco,,,,,,,,,
https://musicbrainz.org/recording/34219457-c691-4289-9f91-a141835ebe09,,,H-Bomb Ferguson,https://www.wikidata.org/wiki/Q1803878,https://musicbrainz.org/genre/52faa157-6bad-4d86-a0ab-d4dec7d2513c,hip hop music,https://www.wikidata.org/wiki/Q11401,https://musicbrainz.org/artist/ff567362-45ef-4659-aa30-a964c4c658db,H-Bomb,https://www.wikidata.org/wiki/Q3124665,,,,,,,,
https://musicbrainz.org/recording/34219457-c691-4289-9f91-a141835ebe09,,,,,https://musicbrainz.org/genre/52faa157-6bad-4d86-a0ab-d4dec7d2513c,hip hop music,https://www.wikidata.org/wiki/Q11401,,,,,,,,,,,
https://musicbrainz.org/recording/e8f8ba70-45f7-4dac-a39a-fc0120249157,,False,The Corrs,https://www.wikidata.org/wiki/Q192915,https://musicbrainz.org/genre/ceeaa283-5d7b-4202-8d1d-e25d116b2a18,alternative rock,https://www.wikidata.org/wiki/Q11366,https://musicbrainz.org/artist/acf6c776-d0f6-4239-b5a2-a45a613ffa52,The Corrs,https://www.wikidata.org/wiki/Q192915,,Haste to the Wedding (live),,,https://musicbrainz.org/genre/34edc6ac-d431-4b36-be15-ecd17533e5e2,Celtic music,https://www.wikidata.org/wiki/Q854451,"USAT20003751"
https://musicbrainz.org/recording/e8f8ba70-45f7-4dac-a39a-fc0120249157,,,,,https://musicbrainz.org/genre/34edc6ac-d431-4b36-be15-ecd17533e5e2,Celtic music,https://www.wikidata.org/wiki/Q854451,,,,,,,,https://musicbrainz.org/genre/a91eed3a-fdd0-494e-ade0-95ea4117f6eb,folk music,https://www.wikidata.org/wiki/Q43343,
https://musicbrainz.org/recording/e8f8ba70-45f7-4dac-a39a-fc0120249157,,,,,https://musicbrainz.org/genre/4ca72caf-956f-4b36-bab2-cf5d9a7b6549,Celtic rock,https://www.wikidata.org/wiki/Q2662148,,,,,,,,https://musicbrainz.org/genre/445dc48f-5233-4b4f-987f-867ff9ade836,folk rock,https://www.wikidata.org/wiki/Q186472,
https://musicbrainz.org/recording/e8f8ba70-45f7-4dac-a39a-fc0120249157,,,,,https://musicbrainz.org/genre/445dc48f-5233-4b4f-987f-867ff9ade836,folk rock,https://www.wikidata.org/wiki/Q186472,,,,,,,,https://musicbrainz.org/genre/911c7bbb-172d-4df8-9478-dbff4296e791,pop music,https://www.wikidata.org/wiki/Q37073,
https://musicbrainz.org/recording/e8f8ba70-45f7-4dac-a39a-fc0120249157,,,,,https://musicbrainz.org/genre/ccd19ebf-052c-4afe-8ad9-fbb0a73f94a7,indie rock,https://www.wikidata.org/wiki/Q183504,,,,,,,,https://musicbrainz.org/genre/797e2e85-5ffd-495c-a757-8b4079052f0e,pop rock,https://www.wikidata.org/wiki/Q484641,
https://musicbrainz.org/recording/e8f8ba70-45f7-4dac-a39a-fc0120249157,,,,,https://musicbrainz.org/genre/911c7bbb-172d-4df8-9478-dbff4296e791,pop music,https://www.wikidata.org/wiki/Q37073,,,,,,,,https://musicbrainz.org/genre/0e3fc579-2d24-4f20-9dae-736e1ec78798,rock music,https://www.wikidata.org/wiki/Q11399,
https://musicbrainz.org/recording/e8f8ba70-45f7-4dac-a39a-fc0120249157,,,,,https://musicbrainz.org/genre/797e2e85-5ffd-495c-a757-8b4079052f0e,pop rock,https://www.wikidata.org/wiki/Q484641,,,,,,,,https://musicbrainz.org/genre/7d0c6a6b-5d56-4b1e-a8c7-e32194f246b9,soft rock,https://www.wikidata.org/wiki/Q217191,
https://musicbrainz.org/recording/e8f8ba70-45f7-4dac-a39a-fc0120249157,,,,,https://musicbrainz.org/genre/0e3fc579-2d24-4f20-9dae-736e1ec78798,rock music,https://www.wikidata.org/wiki/Q11399,,,,,,,,,,,
https://musicbrainz.org/recording/e8f8ba70-45f7-4dac-a39a-fc0120249157,,,,,https://musicbrainz.org/genre/7d0c6a6b-5d56-4b1e-a8c7-e32194f246b9,soft rock,https://www.wikidata.org/wiki/Q217191,,,,,,,,,,,
https://musicbrainz.org/recording/e8f8ba70-45f7-4dac-a39a-fc0120249157,,,,,https://musicbrainz.org/genre/7af339eb-e666-4aa6-a6ca-8444ca573fe0,world fusion,https://www.wikidata.org/wiki/Q4020968,,,,,,,,,,,
https://musicbrainz.org/recording/2e9e32e9-79ac-41d0-b972-a963d6785681,,False,DJ Yung Vamp,https://www.wikidata.org/wiki/Q66141291,,,,https://musicbrainz.org/artist/dd3d5cef-feda-4dd4-aa15-bee252134dd6,DJ Yung Vamp,https://www.wikidata.org/wiki/Q66141291,,En annen sol (feat. Anne Grete Preus & Leif Ove Andsnes),,,,,,
https://musicbrainz.org/recording/fb06d1c4-ca3d-4676-9361-106d743dc7bd,,False,DJ Yung Vamp,https://www.wikidata.org/wiki/Q66141291,,,,https://musicbrainz.org/artist/dd3d5cef-feda-4dd4-aa15-bee252134dd6,DJ Yung Vamp,https://www.wikidata.org/wiki/Q66141291,,I noen timer (feat. Odd Børretzen),,,,,,
https://musicbrainz.org/recording/c09c0227-b90e-4f68-bda4-81b722217549,"part of ""Chilled Ibiza"" DJ-mix",False,Saint Etienne,https://www.wikidata.org/wiki/Q1430158,https://musicbrainz.org/genre/8301f73c-9166-4108-bfeb-4fd22dc19083,alternative dance,https://www.wikidata.org/wiki/Q2187392,https://musicbrainz.org/artist/3997d4a6-c2bd-4191-8406-eb07f0abb5d2,Saint Etienne,https://www.wikidata.org/wiki/Q1430158,,Only Love Can Break Your Heart (A Mix of Two Halves),,,,,,
https://musicbrainz.org/recording/c09c0227-b90e-4f68-bda4-81b722217549,,,,,https://musicbrainz.org/genre/b739a895-85ed-4ad3-8717-4e9ef5387dd8,dance-pop,https://www.wikidata.org/wiki/Q211756,,,,,,,,,,,
https://musicbrainz.org/recording/c09c0227-b90e-4f68-bda4-81b722217549,,,,,https://musicbrainz.org/genre/6242615b-5620-465b-b6fb-2e593e90cbad,dream pop,https://www.wikidata.org/wiki/Q592330,,,,,,,,,,,
https://musicbrainz.org/recording/c09c0227-b90e-4f68-bda4-81b722217549,,,,,https://musicbrainz.org/genre/a2782cb6-1cd0-477c-a61d-b3f8b42dd1b3,house music,https://www.wikidata.org/wiki/Q20502,,,,,,,,,,,
https://musicbrainz.org/recording/c09c0227-b90e-4f68-bda4-81b722217549,,,,,https://musicbrainz.org/genre/f390be72-360b-41bb-a310-6a2e638779d2,indie pop,https://www.wikidata.org/wiki/Q842324,,,,,,,,,,,
https://musicbrainz.org/recording/c09c0227-b90e-4f68-bda4-81b722217549,,,,,https://musicbrainz.org/genre/9e7ae1de-d5f2-46a5-b105-11c7367dc70d,indietronica,https://www.wikidata.org/wiki/Q325397,,,,,,,,,,,
https://musicbrainz.org/recording/c09c0227-b90e-4f68-bda4-81b722217549,,,,,https://musicbrainz.org/genre/0e3fc579-2d24-4f20-9dae-736e1ec78798,rock music,https://www.wikidata.org/wiki/Q11399,,,,,,,,,,,
https://musicbrainz.org/recording/c09c0227-b90e-4f68-bda4-81b722217549,,,,,https://musicbrainz.org/genre/41fe3260-fcc1-450b-bd5a-803886c56912,techno,https://www.wikidata.org/wiki/Q170611,,,,,,,,,,,
https://musicbrainz.org/recording/c8814ad5-ebe4-4b49-bff5-21ec562d8a37,,False,DJ Yung Vamp,https://www.wikidata.org/wiki/Q66141291,,,,https://musicbrainz.org/artist/dd3d5cef-feda-4dd4-aa15-bee252134dd6,DJ Yung Vamp,https://www.wikidata.org/wiki/Q66141291,,Skjedå sjel (feat. Frode Rønli),,,,,,
https://musicbrainz.org/recording/14e650df-8607-4a6b-b10a-579527445684,,False,Tricky,https://www.wikidata.org/wiki/Q313627,https://musicbrainz.org/genre/89255676-1f14-4dd8-bbad-fca839d6aff4,electronic music,https://www.wikidata.org/wiki/Q9778,https://musicbrainz.org/artist/5bf64d94-efd9-4334-96fd-e6197b0b02b8,Tricky,https://www.wikidata.org/wiki/Q313627,,Black Steel,https://www.wikidata.org/wiki/Q4035166,,,,,
https://musicbrainz.org/recording/14e650df-8607-4a6b-b10a-579527445684,,,,,https://musicbrainz.org/genre/52faa157-6bad-4d86-a0ab-d4dec7d2513c,hip hop music,https://www.wikidata.org/wiki/Q11401,,,,,,,,,,,
https://musicbrainz.org/recording/14e650df-8607-4a6b-b10a-579527445684,,,,,https://musicbrainz.org/genre/45eb1d9c-588c-4dc8-9394-a14b7c8f02bc,trip hop,https://www.wikidata.org/wiki/Q205560,,,,,,,,,,,
https://musicbrainz.org/recording/ef90dbee-ff9d-4133-87f4-85af7c3f2405,,False,Todd Rundgren,https://www.wikidata.org/wiki/Q364875,https://musicbrainz.org/genre/930ef127-3653-4677-9b95-ecc90c7c1a14,art pop,https://www.wikidata.org/wiki/Q25094849,https://musicbrainz.org/artist/1a9a8ca0-ea8e-4e9e-96aa-288155bb2c5d,Todd Rundgren,https://www.wikidata.org/wiki/Q364875,,Real Man,,,https://musicbrainz.org/genre/93244085-20e5-4f16-9067-1d19143b3810,classic rock,https://www.wikidata.org/wiki/Q56351111,
https://musicbrainz.org/recording/ef90dbee-ff9d-4133-87f4-85af7c3f2405,,,,,https://musicbrainz.org/genre/b7ef058e-6d83-4ca4-8123-9724bff4648b,art rock,https://www.wikidata.org/wiki/Q217467,,,,,,,,https://musicbrainz.org/genre/51cb9f91-e6a2-41bf-891f-e78e3f1e52ab,hard rock,https://www.wikidata.org/wiki/Q83270,
https://musicbrainz.org/recording/ef90dbee-ff9d-4133-87f4-85af7c3f2405,,,,,https://musicbrainz.org/genre/650bda08-20ca-4012-b873-3b68c5768bdf,blue-eyed soul,https://www.wikidata.org/wiki/Q885561,,,,,,,,https://musicbrainz.org/genre/618704fc-daac-44a2-92c9-89e3b1a2fc8c,power pop,https://www.wikidata.org/wiki/Q837837,
https://musicbrainz.org/recording/ef90dbee-ff9d-4133-87f4-85af7c3f2405,,,,,https://musicbrainz.org/genre/eee90717-3eee-41bd-b463-003c180544bd,crossover prog,https://www.wikidata.org/wiki/Q65937817,,,,,,,,https://musicbrainz.org/genre/ae9b8279-3959-48d8-8a88-741a7f6d4a48,progressive rock,https://www.wikidata.org/wiki/Q49451,
https://musicbrainz.org/recording/ef90dbee-ff9d-4133-87f4-85af7c3f2405,,,,,https://musicbrainz.org/genre/89255676-1f14-4dd8-bbad-fca839d6aff4,electronic music,https://www.wikidata.org/wiki/Q9778,,,,,,,,https://musicbrainz.org/genre/0e3fc579-2d24-4f20-9dae-736e1ec78798,rock music,https://www.wikidata.org/wiki/Q11399,
https://musicbrainz.org/recording/ef90dbee-ff9d-4133-87f4-85af7c3f2405,,,,,https://musicbrainz.org/genre/65c97e89-b42b-45c2-a70e-0eca1b8f0ff7,experimental rock,https://www.wikidata.org/wiki/Q1641839,,,,,,,,,,,
https://musicbrainz.org/recording/ef90dbee-ff9d-4133-87f4-85af7c3f2405,,,,,https://musicbrainz.org/genre/911c7bbb-172d-4df8-9478-dbff4296e791,pop music,https://www.wikidata.org/wiki/Q37073,,,,,,,,,,,
https://musicbrainz.org/recording/ef90dbee-ff9d-4133-87f4-85af7c3f2405,,,,,https://musicbrainz.org/genre/797e2e85-5ffd-495c-a757-8b4079052f0e,pop rock,https://www.wikidata.org/wiki/Q484641,,,,,,,,,,,
https://musicbrainz.org/recording/ef90dbee-ff9d-4133-87f4-85af7c3f2405,,,,,https://musicbrainz.org/genre/618704fc-daac-44a2-92c9-89e3b1a2fc8c,power pop,https://www.wikidata.org/wiki/Q837837,,,,,,,,,,,
https://musicbrainz.org/recording/ef90dbee-ff9d-4133-87f4-85af7c3f2405,,,,,https://musicbrainz.org/genre/489ebed8-1299-4761-ba0b-29d381085f82,progressive pop,https://www.wikidata.org/wiki/Q3397882,,,,,,,,,,,
https://musicbrainz.org/recording/ef90dbee-ff9d-4133-87f4-85af7c3f2405,,,,,https://musicbrainz.org/genre/ae9b8279-3959-48d8-8a88-741a7f6d4a48,progressive rock,https://www.wikidata.org/wiki/Q49451,,,,,,,,,,,
https://musicbrainz.org/recording/ef90dbee-ff9d-4133-87f4-85af7c3f2405,,,,,https://musicbrainz.org/genre/2aeb5340-c474-4677-b9a6-35ddac9b6a58,psychedelic pop,https://www.wikidata.org/wiki/Q383982,,,,,,,,,,,
https://musicbrainz.org/recording/ef90dbee-ff9d-4133-87f4-85af7c3f2405,,,,,https://musicbrainz.org/genre/146ef761-5ad9-48b4-b0b3-483104f7da48,psychedelic rock,https://www.wikidata.org/wiki/Q206159,,,,,,,,,,,
https://musicbrainz.org/recording/ef90dbee-ff9d-4133-87f4-85af7c3f2405,,,,,https://musicbrainz.org/genre/0e3fc579-2d24-4f20-9dae-736e1ec78798,rock music,https://www.wikidata.org/wiki/Q11399,,,,,,,,,,,
https://musicbrainz.org/recording/ef90dbee-ff9d-4133-87f4-85af7c3f2405,,,,,https://musicbrainz.org/genre/455f264b-db00-4716-991d-fbd32dc24523,singer-songwriter music,https://www.wikidata.org/wiki/Q89363113,,,,,,,,,,,
https://musicbrainz.org/recording/ef90dbee-ff9d-4133-87f4-85af7c3f2405,,,,,https://musicbrainz.org/genre/1b5e7b16-336b-473e-a364-5120413a9827,soul music,https://www.wikidata.org/wiki/Q131272,,,,,,,,,,,
https://musicbrainz.org/recording/1049fe5e-a3fb-42fb-bd93-f5da8829e3c4,,False,Todd Rundgren,https://www.wikidata.org/wiki/Q364875,https://musicbrainz.org/genre/930ef127-3653-4677-9b95-ecc90c7c1a14,art pop,https://www.wikidata.org/wiki/Q25094849,https://musicbrainz.org/artist/1a9a8ca0-ea8e-4e9e-96aa-288155bb2c5d,Todd Rundgren,https://www.wikidata.org/wiki/Q364875,,Just One Victory,https://www.wikidata.org/wiki/Q11226697,,https://musicbrainz.org/genre/93244085-20e5-4f16-9067-1d19143b3810,classic rock,https://www.wikidata.org/wiki/Q56351111,
https://musicbrainz.org/recording/1049fe5e-a3fb-42fb-bd93-f5da8829e3c4,,,,,https://musicbrainz.org/genre/b7ef058e-6d83-4ca4-8123-9724bff4648b,art rock,https://www.wikidata.org/wiki/Q217467,,,,,,,,https://musicbrainz.org/genre/51cb9f91-e6a2-41bf-891f-e78e3f1e52ab,hard rock,https://www.wikidata.org/wiki/Q83270,
https://musicbrainz.org/recording/1049fe5e-a3fb-42fb-bd93-f5da8829e3c4,,,,,https://musicbrainz.org/genre/650bda08-20ca-4012-b873-3b68c5768bdf,blue-eyed soul,https://www.wikidata.org/wiki/Q885561,,,,,,,,https://musicbrainz.org/genre/618704fc-daac-44a2-92c9-89e3b1a2fc8c,power pop,https://www.wikidata.org/wiki/Q837837,
https://musicbrainz.org/recording/1049fe5e-a3fb-42fb-bd93-f5da8829e3c4,,,,,https://musicbrainz.org/genre/eee90717-3eee-41bd-b463-003c180544bd,crossover prog,https://www.wikidata.org/wiki/Q65937817,,,,,,,,https://musicbrainz.org/genre/ae9b8279-3959-48d8-8a88-741a7f6d4a48,progressive rock,https://www.wikidata.org/wiki/Q49451,
https://musicbrainz.org/recording/1049fe5e-a3fb-42fb-bd93-f5da8829e3c4,,,,,https://musicbrainz.org/genre/89255676-1f14-4dd8-bbad-fca839d6aff4,electronic music,https://www.wikidata.org/wiki/Q9778,,,,,,,,https://musicbrainz.org/genre/0e3fc579-2d24-4f20-9dae-736e1ec78798,rock music,https://www.wikidata.org/wiki/Q11399,
https://musicbrainz.org/recording/1049fe5e-a3fb-42fb-bd93-f5da8829e3c4,,,,,https://musicbrainz.org/genre/65c97e89-b42b-45c2-a70e-0eca1b8f0ff7,experimental rock,https://www.wikidata.org/wiki/Q1641839,,,,,,,,,,,
https://musicbrainz.org/recording/1049fe5e-a3fb-42fb-bd93-f5da8829e3c4,,,,,https://musicbrainz.org/genre/911c7bbb-172d-4df8-9478-dbff4296e791,pop music,https://www.wikidata.org/wiki/Q37073,,,,,,,,,,,
https://musicbrainz.org/recording/1049fe5e-a3fb-42fb-bd93-f5da8829e3c4,,,,,https://musicbrainz.org/genre/797e2e85-5ffd-495c-a757-8b4079052f0e,pop rock,https://www.wikidata.org/wiki/Q484641,,,,,,,,,,,
https://musicbrainz.org/recording/1049fe5e-a3fb-42fb-bd93-f5da8829e3c4,,,,,https://musicbrainz.org/genre/618704fc-daac-44a2-92c9-89e3b1a2fc8c,power pop,https://www.wikidata.org/wiki/Q837837,,,,,,,,,,,
https://musicbrainz.org/recording/1049fe5e-a3fb-42fb-bd93-f5da8829e3c4,,,,,https://musicbrainz.org/genre/489ebed8-1299-4761-ba0b-29d381085f82,progressive pop,https://www.wikidata.org/wiki/Q3397882,,,,,,,,,,,
https://musicbrainz.org/recording/1049fe5e-a3fb-42fb-bd93-f5da8829e3c4,,,,,https://musicbrainz.org/genre/ae9b8279-3959-48d8-8a88-741a7f6d4a48,progressive rock,https://www.wikidata.org/wiki/Q49451,,,,,,,,,,,
https://musicbrainz.org/recording/1049fe5e-a3fb-42fb-bd93-f5da8829e3c4,,,,,https://musicbrainz.org/genre/2aeb5340-c474-4677-b9a6-35ddac9b6a58,psychedelic pop,https://www.wikidata.org/wiki/Q383982,,,,,,,,,,,
https://musicbrainz.org/recording/1049fe5e-a3fb-42fb-bd93-f5da8829e3c4,,,,,https://musicbrainz.org/genre/146ef761-5ad9-48b4-b0b3-483104f7da48,psychedelic rock,https://www.wikidata.org/wiki/Q206159,,,,,,,,,,,
https://musicbrainz.org/recording/1049fe5e-a3fb-42fb-bd93-f5da8829e3c4,,,,,https://musicbrainz.org/genre/0e3fc579-2d24-4f20-9dae-736e1ec78798,rock music,https://www.wikidata.org/wiki/Q11399,,,,,,,,,,,
https://musicbrainz.org/recording/1049fe5e-a3fb-42fb-bd93-f5da8829e3c4,,,,,https://musicbrainz.org/genre/455f264b-db00-4716-991d-fbd32dc24523,singer-songwriter music,https://www.wikidata.org/wiki/Q89363113,,,,,,,,,,,
https://musicbrainz.org/recording/1049fe5e-a3fb-42fb-bd93-f5da8829e3c4,,,,,https://musicbrainz.org/genre/1b5e7b16-336b-473e-a364-5120413a9827,soul music,https://www.wikidata.org/wiki/Q131272,,,,,,,,,,,
https://musicbrainz.org/recording/de1a59df-7479-4cc0-bd9e-9ff191464bd8,,False,Dreams Come True,https://www.wikidata.org/wiki/Q1195268,https://musicbrainz.org/genre/eba7715e-ee26-4989-8d49-9db382955419,J-pop,https://www.wikidata.org/wiki/Q131578,https://musicbrainz.org/artist/f984ebbf-8534-4163-9cb8-295c91535446,Dreams Come True,https://www.wikidata.org/wiki/Q1195268,,未来予想図＠０１８,,,,,,
https://musicbrainz.org/recording/34343007-c827-4d46-85bb-b717f17efea9,,False,Dreams Come True,https://www.wikidata.org/wiki/Q1195268,https://musicbrainz.org/genre/eba7715e-ee26-4989-8d49-9db382955419,J-pop,https://www.wikidata.org/wiki/Q131578,https://musicbrainz.org/artist/f984ebbf-8534-4163-9cb8-295c91535446,Dreams Come True,https://www.wikidata.org/wiki/Q1195268,,未来予想図,,,,,,
https://musicbrainz.org/recording/2cf598b1-ddb3-4de5-9cd7-958b5868f086,,False,Dreams Come True,https://www.wikidata.org/wiki/Q1195268,https://musicbrainz.org/genre/eba7715e-ee26-4989-8d49-9db382955419,J-pop,https://www.wikidata.org/wiki/Q131578,https://musicbrainz.org/artist/f984ebbf-8534-4163-9cb8-295c91535446,Dreams Come True,https://www.wikidata.org/wiki/Q1195268,,Kessen wa Kinyōbi/Taiyō ga Miteru,https://www.wikidata.org/wiki/Q11552349,,,,,
https://musicbrainz.org/recording/1b118b10-f3fd-48a0-ae87-700776db4a5c,,False,Dreams Come True,https://www.wikidata.org/wiki/Q1195268,https://musicbrainz.org/genre/eba7715e-ee26-4989-8d49-9db382955419,J-pop,https://www.wikidata.org/wiki/Q131578,https://musicbrainz.org/artist/f984ebbf-8534-4163-9cb8-295c91535446,Dreams Come True,https://www.wikidata.org/wiki/Q1195268,,笑顔の行方,https://www.wikidata.org/wiki/Q11599729,,,,,
https://musicbrainz.org/recording/6ed88b43-a0ec-4860-9c46-010f0934d282,,False,Dreams Come True,https://www.wikidata.org/wiki/Q1195268,https://musicbrainz.org/genre/eba7715e-ee26-4989-8d49-9db382955419,J-pop,https://www.wikidata.org/wiki/Q131578,https://musicbrainz.org/artist/f984ebbf-8534-4163-9cb8-295c91535446,Dreams Come True,https://www.wikidata.org/wiki/Q1195268,,Kessen wa Kinyōbi/Taiyō ga Miteru,https://www.wikidata.org/wiki/Q11552349,,,,,
https://musicbrainz.org/recording/bbe20231-dfd8-4e07-8374-09fd4f8637b2,,False,Crazy Town,https://www.wikidata.org/wiki/Q869604,https://musicbrainz.org/genre/bbad9cda-bde2-448e-821c-7ebf85a54020,nu metal,https://www.wikidata.org/wiki/Q263734,https://musicbrainz.org/artist/8996b655-fbad-4018-b430-1bd8fab43235,Crazy Town,https://www.wikidata.org/wiki/Q869604,,Stick ’em,,,,,,
https://musicbrainz.org/recording/bbe20231-dfd8-4e07-8374-09fd4f8637b2,,,,,https://musicbrainz.org/genre/b4b184b7-6224-478e-a273-f9da9ee30136,rap rock,https://www.wikidata.org/wiki/Q877693,,,,,,,,,,,
https://musicbrainz.org/recording/c9a58d3f-72b2-45bc-ad4c-ae496bb5d746,,False,Caribe,,,,,https://musicbrainz.org/artist/599599f0-7e8d-44ea-ba6e-e377bbd10968,Caribe,,231386,"Los argentinos ""mucho mejor""",,,,,,
